VideoName,ShotSeq,HitFrame,Hitter,RoundHead,Backhand,BallHeight,LandingX,LandingY,HitterLocationX,HitterLocationY,DefenderLocationX,DefenderLocationY,BallType,Winner
00001.mp4,1,35,B,1,1,1,1,1,1,1,1,1,1,X
00001.mp4,2,55,A,1,1,1,1,1,1,1,1,1,1,X
00001.mp4,3,129,B,1,1,1,1,1,1,1,1,1,1,X
00001.mp4,4,153,A,1,1,1,1,1,1,1,1,1,1,X
00001.mp4,5,184,B,1,1,1,1,1,1,1,1,1,1,X
00001.mp4,6,224,A,1,1,1,1,1,1,1,1,1,1,X
00001.mp4,7,241,B,1,1,1,1,1,1,1,1,1,1,X
00001.mp4,8,271,A,1,1,1,1,1,1,1,1,1,1,X
00001.mp4,9,312,B,1,1,1,1,1,1,1,1,1,1,X
00001.mp4,10,357,A,1,1,1,1,1,1,1,1,1,1,X
00001.mp4,11,395,B,1,1,1,1,1,1,1,1,1,1,X
00001.mp4,12,429,A,1,1,1,1,1,1,1,1,1,1,X
00001.mp4,13,464,B,1,1,1,1,1,1,1,1,1,1,X
00001.mp4,14,484,A,1,1,1,1,1,1,1,1,1,1,X
00001.mp4,15,494,B,1,1,1,1,1,1,1,1,1,1,X
00001.mp4,16,534,A,1,1,1,1,1,1,1,1,1,1,X
00001.mp4,17,570,B,1,1,1,1,1,1,1,1,1,1,X
00001.mp4,18,593,A,1,1,1,1,1,1,1,1,1,1,X
00001.mp4,19,623,B,1,1,1,1,1,1,1,1,1,1,X
00001.mp4,20,668,A,1,1,1,1,1,1,1,1,1,1,X
00001.mp4,21,688,B,1,1,1,1,1,1,1,1,1,1,X
00001.mp4,22,712,A,1,1,1,1,1,1,1,1,1,1,X
00001.mp4,23,735,B,1,1,1,1,1,1,1,1,1,1,X
00001.mp4,24,773,A,1,1,1,1,1,1,1,1,1,1,X
00001.mp4,25,808,B,1,1,1,1,1,1,1,1,1,1,X
00001.mp4,26,847,A,1,1,1,1,1,1,1,1,1,1,X
00001.mp4,27,871,B,1,1,1,1,1,1,1,1,1,1,X
00001.mp4,28,899,A,1,1,1,1,1,1,1,1,1,1,X
00001.mp4,29,953,B,1,1,1,1,1,1,1,1,1,1,X
00001.mp4,30,981,A,1,1,1,1,1,1,1,1,1,1,X
00001.mp4,31,992,B,1,1,1,1,1,1,1,1,1,1,X
00001.mp4,32,1009,A,1,1,1,1,1,1,1,1,1,1,X
00001.mp4,33,1045,B,1,1,1,1,1,1,1,1,1,1,X
00001.mp4,34,1093,A,1,1,1,1,1,1,1,1,1,1,X
00001.mp4,35,1111,B,1,1,1,1,1,1,1,1,1,1,X
00001.mp4,36,1143,A,1,1,1,1,1,1,1,1,1,1,X
00001.mp4,37,1170,B,1,1,1,1,1,1,1,1,1,1,X
00001.mp4,38,1200,A,1,1,1,1,1,1,1,1,1,1,X
00001.mp4,39,1227,B,1,1,1,1,1,1,1,1,1,1,X
00001.mp4,40,1246,A,1,1,1,1,1,1,1,1,1,1,X
00001.mp4,41,1276,B,1,1,1,1,1,1,1,1,1,1,X
00001.mp4,42,1303,A,1,1,1,1,1,1,1,1,1,1,X
00001.mp4,43,1349,B,1,1,1,1,1,1,1,1,1,1,A
00002.mp4,1,29,B,1,1,1,1,1,1,1,1,1,1,X
00002.mp4,2,50,A,1,1,1,1,1,1,1,1,1,1,X
00002.mp4,3,80,B,1,1,1,1,1,1,1,1,1,1,X
00002.mp4,4,94,A,1,1,1,1,1,1,1,1,1,1,X
00002.mp4,5,137,B,1,1,1,1,1,1,1,1,1,1,X
00002.mp4,6,187,A,1,1,1,1,1,1,1,1,1,1,A
00003.mp4,1,16,B,1,1,1,1,1,1,1,1,1,1,X
00003.mp4,2,41,A,1,1,1,1,1,1,1,1,1,1,X
00003.mp4,3,57,B,1,1,1,1,1,1,1,1,1,1,X
00003.mp4,4,97,A,1,1,1,1,1,1,1,1,1,1,X
00003.mp4,5,112,B,1,1,1,1,1,1,1,1,1,1,X
00003.mp4,6,123,A,1,1,1,1,1,1,1,1,1,1,X
00003.mp4,7,142,B,1,1,1,1,1,1,1,1,1,1,X
00003.mp4,8,172,A,1,1,1,1,1,1,1,1,1,1,X
00003.mp4,9,215,B,1,1,1,1,1,1,1,1,1,1,X
00003.mp4,10,248,A,1,1,1,1,1,1,1,1,1,1,X
00003.mp4,11,263,B,1,1,1,1,1,1,1,1,1,1,A
00004.mp4,1,3,A,1,1,1,1,1,1,1,1,1,1,X
00004.mp4,2,56,B,1,1,1,1,1,1,1,1,1,1,X
00004.mp4,3,94,A,1,1,1,1,1,1,1,1,1,1,X
00004.mp4,4,131,B,1,1,1,1,1,1,1,1,1,1,X
00004.mp4,5,155,A,1,1,1,1,1,1,1,1,1,1,X
00004.mp4,6,190,B,1,1,1,1,1,1,1,1,1,1,X
00004.mp4,7,204,A,1,1,1,1,1,1,1,1,1,1,A
00005.mp4,1,15,B,1,1,1,1,1,1,1,1,1,1,X
00005.mp4,2,35,A,1,1,1,1,1,1,1,1,1,1,X
00005.mp4,3,58,B,1,1,1,1,1,1,1,1,1,1,X
00005.mp4,4,77,A,1,1,1,1,1,1,1,1,1,1,X
00005.mp4,5,134,B,1,1,1,1,1,1,1,1,1,1,X
00005.mp4,6,146,A,1,1,1,1,1,1,1,1,1,1,X
00005.mp4,7,161,B,1,1,1,1,1,1,1,1,1,1,A
00006.mp4,1,38,B,1,1,1,1,1,1,1,1,1,1,X
00006.mp4,2,95,A,1,1,1,1,1,1,1,1,1,1,X
00006.mp4,3,110,B,1,1,1,1,1,1,1,1,1,1,X
00006.mp4,4,137,A,1,1,1,1,1,1,1,1,1,1,A
00007.mp4,1,24,A,1,1,1,1,1,1,1,1,1,1,X
00007.mp4,2,47,B,1,1,1,1,1,1,1,1,1,1,X
00007.mp4,3,70,A,1,1,1,1,1,1,1,1,1,1,X
00007.mp4,4,96,B,1,1,1,1,1,1,1,1,1,1,X
00007.mp4,5,134,A,1,1,1,1,1,1,1,1,1,1,X
00007.mp4,6,152,B,1,1,1,1,1,1,1,1,1,1,X
00007.mp4,7,178,A,1,1,1,1,1,1,1,1,1,1,X
00007.mp4,8,203,B,1,1,1,1,1,1,1,1,1,1,X
00007.mp4,9,228,A,1,1,1,1,1,1,1,1,1,1,X
00007.mp4,10,263,B,1,1,1,1,1,1,1,1,1,1,X
00007.mp4,11,294,A,1,1,1,1,1,1,1,1,1,1,A
00008.mp4,1,39,A,1,1,1,1,1,1,1,1,1,1,X
00008.mp4,2,62,B,1,1,1,1,1,1,1,1,1,1,X
00008.mp4,3,86,A,1,1,1,1,1,1,1,1,1,1,X
00008.mp4,4,126,B,1,1,1,1,1,1,1,1,1,1,X
00008.mp4,5,149,A,1,1,1,1,1,1,1,1,1,1,A
00009.mp4,1,2,A,1,1,1,1,1,1,1,1,1,1,X
00009.mp4,2,15,B,1,1,1,1,1,1,1,1,1,1,X
00009.mp4,3,36,A,1,1,1,1,1,1,1,1,1,1,X
00009.mp4,4,72,B,1,1,1,1,1,1,1,1,1,1,X
00009.mp4,5,99,A,1,1,1,1,1,1,1,1,1,1,X
00009.mp4,6,130,B,1,1,1,1,1,1,1,1,1,1,X
00009.mp4,7,206,A,1,1,1,1,1,1,1,1,1,1,X
00009.mp4,8,243,B,1,1,1,1,1,1,1,1,1,1,X
00009.mp4,9,253,A,1,1,1,1,1,1,1,1,1,1,X
00009.mp4,10,270,B,1,1,1,1,1,1,1,1,1,1,X
00009.mp4,11,307,A,1,1,1,1,1,1,1,1,1,1,X
00009.mp4,12,342,B,1,1,1,1,1,1,1,1,1,1,X
00009.mp4,13,371,A,1,1,1,1,1,1,1,1,1,1,X
00009.mp4,14,400,B,1,1,1,1,1,1,1,1,1,1,X
00009.mp4,15,450,A,1,1,1,1,1,1,1,1,1,1,A
00010.mp4,1,27,A,1,1,1,1,1,1,1,1,1,1,X
00010.mp4,2,43,B,1,1,1,1,1,1,1,1,1,1,X
00010.mp4,3,73,A,1,1,1,1,1,1,1,1,1,1,X
00010.mp4,4,95,B,1,1,1,1,1,1,1,1,1,1,X
00010.mp4,5,107,A,1,1,1,1,1,1,1,1,1,1,X
00010.mp4,6,119,B,1,1,1,1,1,1,1,1,1,1,X
00010.mp4,7,131,A,1,1,1,1,1,1,1,1,1,1,X
00010.mp4,8,174,B,1,1,1,1,1,1,1,1,1,1,X
00010.mp4,9,197,A,1,1,1,1,1,1,1,1,1,1,X
00010.mp4,10,229,B,1,1,1,1,1,1,1,1,1,1,X
00010.mp4,11,255,A,1,1,1,1,1,1,1,1,1,1,X
00010.mp4,12,263,B,1,1,1,1,1,1,1,1,1,1,X
00010.mp4,13,298,A,1,1,1,1,1,1,1,1,1,1,A
00011.mp4,1,15,A,1,1,1,1,1,1,1,1,1,1,X
00011.mp4,2,65,B,1,1,1,1,1,1,1,1,1,1,X
00011.mp4,3,95,A,1,1,1,1,1,1,1,1,1,1,X
00011.mp4,4,133,B,1,1,1,1,1,1,1,1,1,1,X
00011.mp4,5,175,A,1,1,1,1,1,1,1,1,1,1,X
00011.mp4,6,200,B,1,1,1,1,1,1,1,1,1,1,A
00012.mp4,1,23,B,1,1,1,1,1,1,1,1,1,1,X
00012.mp4,2,72,A,1,1,1,1,1,1,1,1,1,1,X
00012.mp4,3,139,B,1,1,1,1,1,1,1,1,1,1,X
00012.mp4,4,174,A,1,1,1,1,1,1,1,1,1,1,X
00012.mp4,5,191,B,1,1,1,1,1,1,1,1,1,1,X
00012.mp4,6,225,A,1,1,1,1,1,1,1,1,1,1,X
00012.mp4,7,263,B,1,1,1,1,1,1,1,1,1,1,A
00013.mp4,1,13,A,1,1,1,1,1,1,1,1,1,1,X
00013.mp4,2,29,B,1,1,1,1,1,1,1,1,1,1,A
00014.mp4,1,13,B,1,1,1,1,1,1,1,1,1,1,X
00014.mp4,2,56,A,1,1,1,1,1,1,1,1,1,1,X
00014.mp4,3,64,B,1,1,1,1,1,1,1,1,1,1,X
00014.mp4,4,91,A,1,1,1,1,1,1,1,1,1,1,X
00014.mp4,5,109,B,1,1,1,1,1,1,1,1,1,1,X
00014.mp4,6,119,A,1,1,1,1,1,1,1,1,1,1,X
00014.mp4,7,165,B,1,1,1,1,1,1,1,1,1,1,X
00014.mp4,8,212,A,1,1,1,1,1,1,1,1,1,1,X
00014.mp4,9,256,B,1,1,1,1,1,1,1,1,1,1,X
00014.mp4,10,268,A,1,1,1,1,1,1,1,1,1,1,A
00015.mp4,1,7,B,1,1,1,1,1,1,1,1,1,1,X
00015.mp4,2,29,A,1,1,1,1,1,1,1,1,1,1,X
00015.mp4,3,71,B,1,1,1,1,1,1,1,1,1,1,X
00015.mp4,4,79,A,1,1,1,1,1,1,1,1,1,1,X
00015.mp4,5,101,B,1,1,1,1,1,1,1,1,1,1,X
00015.mp4,6,131,A,1,1,1,1,1,1,1,1,1,1,X
00015.mp4,7,165,B,1,1,1,1,1,1,1,1,1,1,X
00015.mp4,8,194,A,1,1,1,1,1,1,1,1,1,1,X
00015.mp4,9,222,B,1,1,1,1,1,1,1,1,1,1,X
00015.mp4,10,244,A,1,1,1,1,1,1,1,1,1,1,X
00015.mp4,11,272,B,1,1,1,1,1,1,1,1,1,1,X
00015.mp4,12,295,A,1,1,1,1,1,1,1,1,1,1,X
00015.mp4,13,361,B,1,1,1,1,1,1,1,1,1,1,A
00016.mp4,1,42,B,1,1,1,1,1,1,1,1,1,1,X
00016.mp4,2,63,A,1,1,1,1,1,1,1,1,1,1,X
00016.mp4,3,83,B,1,1,1,1,1,1,1,1,1,1,A
00017.mp4,1,34,B,1,1,1,1,1,1,1,1,1,1,X
00017.mp4,2,53,A,1,1,1,1,1,1,1,1,1,1,X
00017.mp4,3,102,B,1,1,1,1,1,1,1,1,1,1,X
00017.mp4,4,144,A,1,1,1,1,1,1,1,1,1,1,X
00017.mp4,5,166,B,1,1,1,1,1,1,1,1,1,1,X
00017.mp4,6,192,A,1,1,1,1,1,1,1,1,1,1,X
00017.mp4,7,251,B,1,1,1,1,1,1,1,1,1,1,X
00017.mp4,8,312,A,1,1,1,1,1,1,1,1,1,1,X
00017.mp4,9,351,B,1,1,1,1,1,1,1,1,1,1,X
00017.mp4,10,371,A,1,1,1,1,1,1,1,1,1,1,X
00017.mp4,11,394,B,1,1,1,1,1,1,1,1,1,1,X
00017.mp4,12,430,A,1,1,1,1,1,1,1,1,1,1,X
00017.mp4,13,464,B,1,1,1,1,1,1,1,1,1,1,X
00017.mp4,14,479,A,1,1,1,1,1,1,1,1,1,1,X
00017.mp4,15,494,B,1,1,1,1,1,1,1,1,1,1,A
00018.mp4,1,34,A,1,1,1,1,1,1,1,1,1,1,X
00018.mp4,2,49,B,1,1,1,1,1,1,1,1,1,1,X
00018.mp4,3,60,A,1,1,1,1,1,1,1,1,1,1,X
00018.mp4,4,95,B,1,1,1,1,1,1,1,1,1,1,X
00018.mp4,5,113,A,1,1,1,1,1,1,1,1,1,1,X
00018.mp4,6,127,B,1,1,1,1,1,1,1,1,1,1,A
00019.mp4,1,84,A,1,1,1,1,1,1,1,1,1,1,X
00019.mp4,2,129,B,1,1,1,1,1,1,1,1,1,1,X
00019.mp4,3,159,A,1,1,1,1,1,1,1,1,1,1,X
00019.mp4,4,175,B,1,1,1,1,1,1,1,1,1,1,X
00019.mp4,5,246,A,1,1,1,1,1,1,1,1,1,1,A
00020.mp4,1,21,A,1,1,1,1,1,1,1,1,1,1,X
00020.mp4,2,73,B,1,1,1,1,1,1,1,1,1,1,X
00020.mp4,3,116,A,1,1,1,1,1,1,1,1,1,1,X
00020.mp4,4,140,B,1,1,1,1,1,1,1,1,1,1,X
00020.mp4,5,173,A,1,1,1,1,1,1,1,1,1,1,X
00020.mp4,6,188,B,1,1,1,1,1,1,1,1,1,1,X
00020.mp4,7,214,A,1,1,1,1,1,1,1,1,1,1,X
00020.mp4,8,250,B,1,1,1,1,1,1,1,1,1,1,X
00020.mp4,9,294,A,1,1,1,1,1,1,1,1,1,1,X
00020.mp4,10,342,B,1,1,1,1,1,1,1,1,1,1,X
00020.mp4,11,363,A,1,1,1,1,1,1,1,1,1,1,X
00020.mp4,12,405,B,1,1,1,1,1,1,1,1,1,1,X
00020.mp4,13,429,A,1,1,1,1,1,1,1,1,1,1,X
00020.mp4,14,459,B,1,1,1,1,1,1,1,1,1,1,X
00020.mp4,15,487,A,1,1,1,1,1,1,1,1,1,1,X
00020.mp4,16,541,B,1,1,1,1,1,1,1,1,1,1,X
00020.mp4,17,574,A,1,1,1,1,1,1,1,1,1,1,A
00021.mp4,1,4,B,1,1,1,1,1,1,1,1,1,1,X
00021.mp4,2,32,A,1,1,1,1,1,1,1,1,1,1,X
00021.mp4,3,59,B,1,1,1,1,1,1,1,1,1,1,A
00022.mp4,1,22,B,1,1,1,1,1,1,1,1,1,1,X
00022.mp4,2,44,A,1,1,1,1,1,1,1,1,1,1,X
00022.mp4,3,90,B,1,1,1,1,1,1,1,1,1,1,X
00022.mp4,4,106,A,1,1,1,1,1,1,1,1,1,1,A
00023.mp4,1,18,A,1,1,1,1,1,1,1,1,1,1,X
00023.mp4,2,69,B,1,1,1,1,1,1,1,1,1,1,X
00023.mp4,3,97,A,1,1,1,1,1,1,1,1,1,1,X
00023.mp4,4,125,B,1,1,1,1,1,1,1,1,1,1,X
00023.mp4,5,191,A,1,1,1,1,1,1,1,1,1,1,A
00024.mp4,1,35,A,1,1,1,1,1,1,1,1,1,1,X
00024.mp4,2,93,B,1,1,1,1,1,1,1,1,1,1,X
00024.mp4,3,109,A,1,1,1,1,1,1,1,1,1,1,X
00024.mp4,4,138,B,1,1,1,1,1,1,1,1,1,1,A
00025.mp4,1,58,A,1,1,1,1,1,1,1,1,1,1,X
00025.mp4,2,82,B,1,1,1,1,1,1,1,1,1,1,X
00025.mp4,3,110,A,1,1,1,1,1,1,1,1,1,1,X
00025.mp4,4,152,B,1,1,1,1,1,1,1,1,1,1,X
00025.mp4,5,201,A,1,1,1,1,1,1,1,1,1,1,X
00025.mp4,6,244,B,1,1,1,1,1,1,1,1,1,1,X
00025.mp4,7,282,A,1,1,1,1,1,1,1,1,1,1,X
00025.mp4,8,325,B,1,1,1,1,1,1,1,1,1,1,A
00026.mp4,1,2,A,1,1,1,1,1,1,1,1,1,1,X
00026.mp4,2,34,B,1,1,1,1,1,1,1,1,1,1,X
00026.mp4,3,61,A,1,1,1,1,1,1,1,1,1,1,X
00026.mp4,4,74,B,1,1,1,1,1,1,1,1,1,1,A
00027.mp4,1,35,B,1,1,1,1,1,1,1,1,1,1,X
00027.mp4,2,44,A,1,1,1,1,1,1,1,1,1,1,X
00027.mp4,3,69,B,1,1,1,1,1,1,1,1,1,1,X
00027.mp4,4,95,A,1,1,1,1,1,1,1,1,1,1,X
00027.mp4,5,123,B,1,1,1,1,1,1,1,1,1,1,X
00027.mp4,6,215,A,1,1,1,1,1,1,1,1,1,1,X
00027.mp4,7,240,B,1,1,1,1,1,1,1,1,1,1,X
00027.mp4,8,287,A,1,1,1,1,1,1,1,1,1,1,A
00028.mp4,1,9,B,1,1,1,1,1,1,1,1,1,1,X
00028.mp4,2,56,A,1,1,1,1,1,1,1,1,1,1,X
00028.mp4,3,131,B,1,1,1,1,1,1,1,1,1,1,A
00030.mp4,1,14,B,1,1,1,1,1,1,1,1,1,1,X
00030.mp4,2,27,A,1,1,1,1,1,1,1,1,1,1,X
00030.mp4,3,73,B,1,1,1,1,1,1,1,1,1,1,X
00030.mp4,4,111,A,1,1,1,1,1,1,1,1,1,1,X
00030.mp4,5,141,B,1,1,1,1,1,1,1,1,1,1,A
00031.mp4,1,17,B,1,1,1,1,1,1,1,1,1,1,X
00031.mp4,2,39,A,1,1,1,1,1,1,1,1,1,1,X
00031.mp4,3,73,B,1,1,1,1,1,1,1,1,1,1,X
00031.mp4,4,108,A,1,1,1,1,1,1,1,1,1,1,X
00031.mp4,5,142,B,1,1,1,1,1,1,1,1,1,1,X
00031.mp4,6,178,A,1,1,1,1,1,1,1,1,1,1,X
00031.mp4,7,206,B,1,1,1,1,1,1,1,1,1,1,X
00031.mp4,8,235,A,1,1,1,1,1,1,1,1,1,1,A
00032.mp4,1,28,A,1,1,1,1,1,1,1,1,1,1,X
00032.mp4,2,119,B,1,1,1,1,1,1,1,1,1,1,X
00032.mp4,3,145,A,1,1,1,1,1,1,1,1,1,1,X
00032.mp4,4,181,B,1,1,1,1,1,1,1,1,1,1,A
00033.mp4,1,71,B,1,1,1,1,1,1,1,1,1,1,X
00033.mp4,2,114,A,1,1,1,1,1,1,1,1,1,1,A
00034.mp4,1,32,A,1,1,1,1,1,1,1,1,1,1,X
00034.mp4,2,82,B,1,1,1,1,1,1,1,1,1,1,X
00034.mp4,3,137,A,1,1,1,1,1,1,1,1,1,1,X
00034.mp4,4,168,B,1,1,1,1,1,1,1,1,1,1,A
00035.mp4,1,6,B,1,1,1,1,1,1,1,1,1,1,X
00035.mp4,2,50,A,1,1,1,1,1,1,1,1,1,1,X
00035.mp4,3,84,B,1,1,1,1,1,1,1,1,1,1,X
00035.mp4,4,101,A,1,1,1,1,1,1,1,1,1,1,X
00035.mp4,5,158,B,1,1,1,1,1,1,1,1,1,1,X
00035.mp4,6,182,A,1,1,1,1,1,1,1,1,1,1,X
00035.mp4,7,207,B,1,1,1,1,1,1,1,1,1,1,X
00035.mp4,8,248,A,1,1,1,1,1,1,1,1,1,1,X
00035.mp4,9,258,B,1,1,1,1,1,1,1,1,1,1,A
00036.mp4,1,28,B,1,1,1,1,1,1,1,1,1,1,X
00036.mp4,2,74,A,1,1,1,1,1,1,1,1,1,1,X
00036.mp4,3,92,B,1,1,1,1,1,1,1,1,1,1,A
00037.mp4,1,18,B,1,1,1,1,1,1,1,1,1,1,X
00037.mp4,2,40,A,1,1,1,1,1,1,1,1,1,1,X
00037.mp4,3,55,B,1,1,1,1,1,1,1,1,1,1,X
00037.mp4,4,79,A,1,1,1,1,1,1,1,1,1,1,X
00037.mp4,5,100,B,1,1,1,1,1,1,1,1,1,1,A
00038.mp4,1,18,B,1,1,1,1,1,1,1,1,1,1,X
00038.mp4,2,84,A,1,1,1,1,1,1,1,1,1,1,X
00038.mp4,3,97,B,1,1,1,1,1,1,1,1,1,1,X
00038.mp4,4,107,A,1,1,1,1,1,1,1,1,1,1,A
00039.mp4,1,14,B,1,1,1,1,1,1,1,1,1,1,X
00039.mp4,2,71,A,1,1,1,1,1,1,1,1,1,1,X
00039.mp4,3,101,B,1,1,1,1,1,1,1,1,1,1,X
00039.mp4,4,149,A,1,1,1,1,1,1,1,1,1,1,A
00040.mp4,1,3,B,1,1,1,1,1,1,1,1,1,1,X
00040.mp4,2,71,A,1,1,1,1,1,1,1,1,1,1,X
00040.mp4,3,113,B,1,1,1,1,1,1,1,1,1,1,X
00040.mp4,4,140,A,1,1,1,1,1,1,1,1,1,1,X
00040.mp4,5,162,B,1,1,1,1,1,1,1,1,1,1,X
00040.mp4,6,187,A,1,1,1,1,1,1,1,1,1,1,A
00041.mp4,1,20,A,1,1,1,1,1,1,1,1,1,1,X
00041.mp4,2,57,B,1,1,1,1,1,1,1,1,1,1,X
00041.mp4,3,95,A,1,1,1,1,1,1,1,1,1,1,A
00042.mp4,1,24,B,1,1,1,1,1,1,1,1,1,1,X
00042.mp4,2,44,A,1,1,1,1,1,1,1,1,1,1,X
00042.mp4,3,67,B,1,1,1,1,1,1,1,1,1,1,X
00042.mp4,4,118,A,1,1,1,1,1,1,1,1,1,1,X
00042.mp4,5,145,B,1,1,1,1,1,1,1,1,1,1,X
00042.mp4,6,175,A,1,1,1,1,1,1,1,1,1,1,X
00042.mp4,7,213,B,1,1,1,1,1,1,1,1,1,1,X
00042.mp4,8,225,A,1,1,1,1,1,1,1,1,1,1,X
00042.mp4,9,245,B,1,1,1,1,1,1,1,1,1,1,X
00042.mp4,10,258,A,1,1,1,1,1,1,1,1,1,1,X
00042.mp4,11,282,B,1,1,1,1,1,1,1,1,1,1,X
00042.mp4,12,304,A,1,1,1,1,1,1,1,1,1,1,X
00042.mp4,13,336,B,1,1,1,1,1,1,1,1,1,1,X
00042.mp4,14,348,A,1,1,1,1,1,1,1,1,1,1,X
00042.mp4,15,365,B,1,1,1,1,1,1,1,1,1,1,X
00042.mp4,16,377,A,1,1,1,1,1,1,1,1,1,1,X
00042.mp4,17,398,B,1,1,1,1,1,1,1,1,1,1,A
00043.mp4,1,14,A,1,1,1,1,1,1,1,1,1,1,X
00043.mp4,2,37,B,1,1,1,1,1,1,1,1,1,1,X
00043.mp4,3,63,A,1,1,1,1,1,1,1,1,1,1,X
00043.mp4,4,101,B,1,1,1,1,1,1,1,1,1,1,X
00043.mp4,5,119,A,1,1,1,1,1,1,1,1,1,1,X
00043.mp4,6,142,B,1,1,1,1,1,1,1,1,1,1,A
00044.mp4,1,28,B,1,1,1,1,1,1,1,1,1,1,X
00044.mp4,2,75,A,1,1,1,1,1,1,1,1,1,1,X
00044.mp4,3,87,B,1,1,1,1,1,1,1,1,1,1,X
00044.mp4,4,113,A,1,1,1,1,1,1,1,1,1,1,A
00045.mp4,1,3,A,1,1,1,1,1,1,1,1,1,1,X
00045.mp4,2,31,B,1,1,1,1,1,1,1,1,1,1,X
00045.mp4,3,82,A,1,1,1,1,1,1,1,1,1,1,X
00045.mp4,4,108,B,1,1,1,1,1,1,1,1,1,1,X
00045.mp4,5,147,A,1,1,1,1,1,1,1,1,1,1,X
00045.mp4,6,171,B,1,1,1,1,1,1,1,1,1,1,X
00045.mp4,7,199,A,1,1,1,1,1,1,1,1,1,1,X
00045.mp4,8,223,B,1,1,1,1,1,1,1,1,1,1,X
00045.mp4,9,259,A,1,1,1,1,1,1,1,1,1,1,X
00045.mp4,10,281,B,1,1,1,1,1,1,1,1,1,1,X
00045.mp4,11,308,A,1,1,1,1,1,1,1,1,1,1,X
00045.mp4,12,324,B,1,1,1,1,1,1,1,1,1,1,X
00045.mp4,13,336,A,1,1,1,1,1,1,1,1,1,1,X
00045.mp4,14,385,B,1,1,1,1,1,1,1,1,1,1,X
00045.mp4,15,425,A,1,1,1,1,1,1,1,1,1,1,X
00045.mp4,16,450,B,1,1,1,1,1,1,1,1,1,1,X
00045.mp4,17,485,A,1,1,1,1,1,1,1,1,1,1,X
00045.mp4,18,510,B,1,1,1,1,1,1,1,1,1,1,A
00046.mp4,1,40,A,1,1,1,1,1,1,1,1,1,1,X
00046.mp4,2,62,B,1,1,1,1,1,1,1,1,1,1,X
00046.mp4,3,98,A,1,1,1,1,1,1,1,1,1,1,X
00046.mp4,4,122,B,1,1,1,1,1,1,1,1,1,1,X
00046.mp4,5,155,A,1,1,1,1,1,1,1,1,1,1,X
00046.mp4,6,205,B,1,1,1,1,1,1,1,1,1,1,X
00046.mp4,7,238,A,1,1,1,1,1,1,1,1,1,1,X
00046.mp4,8,261,B,1,1,1,1,1,1,1,1,1,1,A
00047.mp4,1,22,B,1,1,1,1,1,1,1,1,1,1,X
00047.mp4,2,110,A,1,1,1,1,1,1,1,1,1,1,X
00047.mp4,3,140,B,1,1,1,1,1,1,1,1,1,1,X
00047.mp4,4,167,A,1,1,1,1,1,1,1,1,1,1,X
00047.mp4,5,247,B,1,1,1,1,1,1,1,1,1,1,X
00047.mp4,6,264,A,1,1,1,1,1,1,1,1,1,1,X
00047.mp4,7,290,B,1,1,1,1,1,1,1,1,1,1,X
00047.mp4,8,320,A,1,1,1,1,1,1,1,1,1,1,X
00047.mp4,9,400,B,1,1,1,1,1,1,1,1,1,1,X
00047.mp4,10,430,A,1,1,1,1,1,1,1,1,1,1,X
00047.mp4,11,476,B,1,1,1,1,1,1,1,1,1,1,X
00047.mp4,12,504,A,1,1,1,1,1,1,1,1,1,1,X
00047.mp4,13,532,B,1,1,1,1,1,1,1,1,1,1,A
00048.mp4,1,44,A,1,1,1,1,1,1,1,1,1,1,X
00048.mp4,2,64,B,1,1,1,1,1,1,1,1,1,1,X
00048.mp4,3,94,A,1,1,1,1,1,1,1,1,1,1,X
00048.mp4,4,128,B,1,1,1,1,1,1,1,1,1,1,X
00048.mp4,5,177,A,1,1,1,1,1,1,1,1,1,1,X
00048.mp4,6,206,B,1,1,1,1,1,1,1,1,1,1,X
00048.mp4,7,242,A,1,1,1,1,1,1,1,1,1,1,X
00048.mp4,8,272,B,1,1,1,1,1,1,1,1,1,1,X
00048.mp4,9,286,A,1,1,1,1,1,1,1,1,1,1,X
00048.mp4,10,298,B,1,1,1,1,1,1,1,1,1,1,X
00048.mp4,11,338,A,1,1,1,1,1,1,1,1,1,1,X
00048.mp4,12,377,B,1,1,1,1,1,1,1,1,1,1,X
00048.mp4,13,429,A,1,1,1,1,1,1,1,1,1,1,A
00049.mp4,1,6,A,1,1,1,1,1,1,1,1,1,1,X
00049.mp4,2,56,B,1,1,1,1,1,1,1,1,1,1,X
00049.mp4,3,84,A,1,1,1,1,1,1,1,1,1,1,X
00049.mp4,4,127,B,1,1,1,1,1,1,1,1,1,1,X
00049.mp4,5,169,A,1,1,1,1,1,1,1,1,1,1,X
00049.mp4,6,211,B,1,1,1,1,1,1,1,1,1,1,X
00049.mp4,7,227,A,1,1,1,1,1,1,1,1,1,1,X
00049.mp4,8,254,B,1,1,1,1,1,1,1,1,1,1,X
00049.mp4,9,285,A,1,1,1,1,1,1,1,1,1,1,X
00049.mp4,10,295,B,1,1,1,1,1,1,1,1,1,1,X
00049.mp4,11,338,A,1,1,1,1,1,1,1,1,1,1,A
00050.mp4,1,34,A,1,1,1,1,1,1,1,1,1,1,X
00050.mp4,2,86,B,1,1,1,1,1,1,1,1,1,1,X
00050.mp4,3,120,A,1,1,1,1,1,1,1,1,1,1,X
00050.mp4,4,182,B,1,1,1,1,1,1,1,1,1,1,A
00051.mp4,1,55,A,1,1,1,1,1,1,1,1,1,1,X
00051.mp4,2,102,B,1,1,1,1,1,1,1,1,1,1,X
00051.mp4,3,121,A,1,1,1,1,1,1,1,1,1,1,X
00051.mp4,4,154,B,1,1,1,1,1,1,1,1,1,1,X
00051.mp4,5,228,A,1,1,1,1,1,1,1,1,1,1,X
00051.mp4,6,265,B,1,1,1,1,1,1,1,1,1,1,X
00051.mp4,7,327,A,1,1,1,1,1,1,1,1,1,1,A
00052.mp4,1,16,B,1,1,1,1,1,1,1,1,1,1,X
00052.mp4,2,67,A,1,1,1,1,1,1,1,1,1,1,X
00052.mp4,3,75,B,1,1,1,1,1,1,1,1,1,1,X
00052.mp4,4,89,A,1,1,1,1,1,1,1,1,1,1,X
00052.mp4,5,114,B,1,1,1,1,1,1,1,1,1,1,X
00052.mp4,6,166,A,1,1,1,1,1,1,1,1,1,1,X
00052.mp4,7,211,B,1,1,1,1,1,1,1,1,1,1,A
00053.mp4,1,13,B,1,1,1,1,1,1,1,1,1,1,X
00053.mp4,2,34,A,1,1,1,1,1,1,1,1,1,1,X
00053.mp4,3,63,B,1,1,1,1,1,1,1,1,1,1,X
00053.mp4,4,92,A,1,1,1,1,1,1,1,1,1,1,X
00053.mp4,5,146,B,1,1,1,1,1,1,1,1,1,1,X
00053.mp4,6,186,A,1,1,1,1,1,1,1,1,1,1,X
00053.mp4,7,210,B,1,1,1,1,1,1,1,1,1,1,X
00053.mp4,8,243,A,1,1,1,1,1,1,1,1,1,1,A
00054.mp4,1,44,B,1,1,1,1,1,1,1,1,1,1,X
00054.mp4,2,80,A,1,1,1,1,1,1,1,1,1,1,X
00054.mp4,3,106,B,1,1,1,1,1,1,1,1,1,1,X
00054.mp4,4,158,A,1,1,1,1,1,1,1,1,1,1,X
00054.mp4,5,201,B,1,1,1,1,1,1,1,1,1,1,X
00054.mp4,6,229,A,1,1,1,1,1,1,1,1,1,1,X
00054.mp4,7,275,B,1,1,1,1,1,1,1,1,1,1,A
00055.mp4,1,3,B,1,1,1,1,1,1,1,1,1,1,X
00055.mp4,2,29,A,1,1,1,1,1,1,1,1,1,1,X
00055.mp4,3,44,B,1,1,1,1,1,1,1,1,1,1,X
00055.mp4,4,71,A,1,1,1,1,1,1,1,1,1,1,X
00055.mp4,5,118,B,1,1,1,1,1,1,1,1,1,1,X
00055.mp4,6,146,A,1,1,1,1,1,1,1,1,1,1,X
00055.mp4,7,179,B,1,1,1,1,1,1,1,1,1,1,X
00055.mp4,8,214,A,1,1,1,1,1,1,1,1,1,1,X
00055.mp4,9,241,B,1,1,1,1,1,1,1,1,1,1,X
00055.mp4,10,273,A,1,1,1,1,1,1,1,1,1,1,X
00055.mp4,11,298,B,1,1,1,1,1,1,1,1,1,1,X
00055.mp4,12,317,A,1,1,1,1,1,1,1,1,1,1,X
00055.mp4,13,346,B,1,1,1,1,1,1,1,1,1,1,X
00055.mp4,14,364,A,1,1,1,1,1,1,1,1,1,1,X
00055.mp4,15,373,B,1,1,1,1,1,1,1,1,1,1,X
00055.mp4,16,388,A,1,1,1,1,1,1,1,1,1,1,X
00055.mp4,17,426,B,1,1,1,1,1,1,1,1,1,1,X
00055.mp4,18,479,A,1,1,1,1,1,1,1,1,1,1,X
00055.mp4,19,515,B,1,1,1,1,1,1,1,1,1,1,A
00056.mp4,1,33,A,1,1,1,1,1,1,1,1,1,1,X
00056.mp4,2,80,B,1,1,1,1,1,1,1,1,1,1,X
00056.mp4,3,113,A,1,1,1,1,1,1,1,1,1,1,X
00056.mp4,4,139,B,1,1,1,1,1,1,1,1,1,1,A
00057.mp4,1,37,B,1,1,1,1,1,1,1,1,1,1,X
00057.mp4,2,75,A,1,1,1,1,1,1,1,1,1,1,X
00057.mp4,3,99,B,1,1,1,1,1,1,1,1,1,1,X
00057.mp4,4,139,A,1,1,1,1,1,1,1,1,1,1,X
00057.mp4,5,177,B,1,1,1,1,1,1,1,1,1,1,X
00057.mp4,6,203,A,1,1,1,1,1,1,1,1,1,1,X
00057.mp4,7,227,B,1,1,1,1,1,1,1,1,1,1,X
00057.mp4,8,283,A,1,1,1,1,1,1,1,1,1,1,X
00057.mp4,9,318,B,1,1,1,1,1,1,1,1,1,1,A
00058.mp4,1,50,A,1,1,1,1,1,1,1,1,1,1,X
00058.mp4,2,96,B,1,1,1,1,1,1,1,1,1,1,X
00058.mp4,3,136,A,1,1,1,1,1,1,1,1,1,1,X
00058.mp4,4,180,B,1,1,1,1,1,1,1,1,1,1,X
00058.mp4,5,200,A,1,1,1,1,1,1,1,1,1,1,X
00058.mp4,6,244,B,1,1,1,1,1,1,1,1,1,1,X
00058.mp4,7,290,A,1,1,1,1,1,1,1,1,1,1,X
00058.mp4,8,324,B,1,1,1,1,1,1,1,1,1,1,X
00058.mp4,9,357,A,1,1,1,1,1,1,1,1,1,1,X
00058.mp4,10,384,B,1,1,1,1,1,1,1,1,1,1,X
00058.mp4,11,413,A,1,1,1,1,1,1,1,1,1,1,X
00058.mp4,12,429,B,1,1,1,1,1,1,1,1,1,1,A
00059.mp4,1,30,B,1,1,1,1,1,1,1,1,1,1,X
00059.mp4,2,109,A,1,1,1,1,1,1,1,1,1,1,X
00059.mp4,3,138,B,1,1,1,1,1,1,1,1,1,1,X
00059.mp4,4,158,A,1,1,1,1,1,1,1,1,1,1,X
00059.mp4,5,177,B,1,1,1,1,1,1,1,1,1,1,X
00059.mp4,6,205,A,1,1,1,1,1,1,1,1,1,1,X
00059.mp4,7,224,B,1,1,1,1,1,1,1,1,1,1,X
00059.mp4,8,258,A,1,1,1,1,1,1,1,1,1,1,X
00059.mp4,9,273,B,1,1,1,1,1,1,1,1,1,1,X
00059.mp4,10,301,A,1,1,1,1,1,1,1,1,1,1,X
00059.mp4,11,331,B,1,1,1,1,1,1,1,1,1,1,X
00059.mp4,12,362,A,1,1,1,1,1,1,1,1,1,1,X
00059.mp4,13,389,B,1,1,1,1,1,1,1,1,1,1,A
00060.mp4,1,8,A,1,1,1,1,1,1,1,1,1,1,X
00060.mp4,2,70,B,1,1,1,1,1,1,1,1,1,1,X
00060.mp4,3,118,A,1,1,1,1,1,1,1,1,1,1,X
00060.mp4,4,168,B,1,1,1,1,1,1,1,1,1,1,X
00060.mp4,5,202,A,1,1,1,1,1,1,1,1,1,1,X
00060.mp4,6,234,B,1,1,1,1,1,1,1,1,1,1,A
00061.mp4,1,31,B,1,1,1,1,1,1,1,1,1,1,X
00061.mp4,2,44,A,1,1,1,1,1,1,1,1,1,1,X
00061.mp4,3,83,B,1,1,1,1,1,1,1,1,1,1,X
00061.mp4,4,94,A,1,1,1,1,1,1,1,1,1,1,X
00061.mp4,5,103,B,1,1,1,1,1,1,1,1,1,1,A
00063.mp4,1,45,B,1,1,1,1,1,1,1,1,1,1,X
00063.mp4,2,87,A,1,1,1,1,1,1,1,1,1,1,X
00063.mp4,3,110,B,1,1,1,1,1,1,1,1,1,1,X
00063.mp4,4,143,A,1,1,1,1,1,1,1,1,1,1,X
00063.mp4,5,165,B,1,1,1,1,1,1,1,1,1,1,X
00063.mp4,6,184,A,1,1,1,1,1,1,1,1,1,1,X
00063.mp4,7,230,B,1,1,1,1,1,1,1,1,1,1,A
00064.mp4,1,11,B,1,1,1,1,1,1,1,1,1,1,X
00064.mp4,2,44,A,1,1,1,1,1,1,1,1,1,1,X
00064.mp4,3,84,B,1,1,1,1,1,1,1,1,1,1,X
00064.mp4,4,120,A,1,1,1,1,1,1,1,1,1,1,X
00064.mp4,5,146,B,1,1,1,1,1,1,1,1,1,1,X
00064.mp4,6,187,A,1,1,1,1,1,1,1,1,1,1,X
00064.mp4,7,233,B,1,1,1,1,1,1,1,1,1,1,X
00064.mp4,8,258,A,1,1,1,1,1,1,1,1,1,1,X
00064.mp4,9,291,B,1,1,1,1,1,1,1,1,1,1,X
00064.mp4,10,310,A,1,1,1,1,1,1,1,1,1,1,X
00064.mp4,11,337,B,1,1,1,1,1,1,1,1,1,1,X
00064.mp4,12,366,A,1,1,1,1,1,1,1,1,1,1,X
00064.mp4,13,410,B,1,1,1,1,1,1,1,1,1,1,X
00064.mp4,14,438,A,1,1,1,1,1,1,1,1,1,1,X
00064.mp4,15,465,B,1,1,1,1,1,1,1,1,1,1,A
00065.mp4,1,14,B,1,1,1,1,1,1,1,1,1,1,X
00065.mp4,2,33,A,1,1,1,1,1,1,1,1,1,1,X
00065.mp4,3,67,B,1,1,1,1,1,1,1,1,1,1,X
00065.mp4,4,88,A,1,1,1,1,1,1,1,1,1,1,X
00065.mp4,5,101,B,1,1,1,1,1,1,1,1,1,1,X
00065.mp4,6,126,A,1,1,1,1,1,1,1,1,1,1,X
00065.mp4,7,152,B,1,1,1,1,1,1,1,1,1,1,X
00065.mp4,8,177,A,1,1,1,1,1,1,1,1,1,1,X
00065.mp4,9,195,B,1,1,1,1,1,1,1,1,1,1,X
00065.mp4,10,204,A,1,1,1,1,1,1,1,1,1,1,X
00065.mp4,11,242,B,1,1,1,1,1,1,1,1,1,1,A
00066.mp4,1,23,A,1,1,1,1,1,1,1,1,1,1,X
00066.mp4,2,44,B,1,1,1,1,1,1,1,1,1,1,X
00066.mp4,3,69,A,1,1,1,1,1,1,1,1,1,1,A
00067.mp4,1,51,B,1,1,1,1,1,1,1,1,1,1,X
00067.mp4,2,71,A,1,1,1,1,1,1,1,1,1,1,X
00067.mp4,3,118,B,1,1,1,1,1,1,1,1,1,1,X
00067.mp4,4,152,A,1,1,1,1,1,1,1,1,1,1,A
00068.mp4,1,21,B,1,1,1,1,1,1,1,1,1,1,X
00068.mp4,2,73,A,1,1,1,1,1,1,1,1,1,1,X
00068.mp4,3,96,B,1,1,1,1,1,1,1,1,1,1,A
00069.mp4,1,61,A,1,1,1,1,1,1,1,1,1,1,X
00069.mp4,2,109,B,1,1,1,1,1,1,1,1,1,1,X
00069.mp4,3,134,A,1,1,1,1,1,1,1,1,1,1,X
00069.mp4,4,160,B,1,1,1,1,1,1,1,1,1,1,X
00069.mp4,5,240,A,1,1,1,1,1,1,1,1,1,1,X
00069.mp4,6,268,B,1,1,1,1,1,1,1,1,1,1,X
00069.mp4,7,292,A,1,1,1,1,1,1,1,1,1,1,A
00070.mp4,1,50,A,1,1,1,1,1,1,1,1,1,1,X
00070.mp4,2,88,B,1,1,1,1,1,1,1,1,1,1,X
00070.mp4,3,132,A,1,1,1,1,1,1,1,1,1,1,X
00070.mp4,4,154,B,1,1,1,1,1,1,1,1,1,1,X
00070.mp4,5,162,A,1,1,1,1,1,1,1,1,1,1,X
00070.mp4,6,210,B,1,1,1,1,1,1,1,1,1,1,X
00070.mp4,7,242,A,1,1,1,1,1,1,1,1,1,1,X
00070.mp4,8,258,B,1,1,1,1,1,1,1,1,1,1,X
00070.mp4,9,307,A,1,1,1,1,1,1,1,1,1,1,X
00070.mp4,10,336,B,1,1,1,1,1,1,1,1,1,1,X
00070.mp4,11,384,A,1,1,1,1,1,1,1,1,1,1,X
00070.mp4,12,407,B,1,1,1,1,1,1,1,1,1,1,X
00070.mp4,13,436,A,1,1,1,1,1,1,1,1,1,1,X
00070.mp4,14,461,B,1,1,1,1,1,1,1,1,1,1,X
00070.mp4,15,498,A,1,1,1,1,1,1,1,1,1,1,X
00070.mp4,16,538,B,1,1,1,1,1,1,1,1,1,1,X
00070.mp4,17,563,A,1,1,1,1,1,1,1,1,1,1,X
00070.mp4,18,589,B,1,1,1,1,1,1,1,1,1,1,A
00071.mp4,1,5,B,1,1,1,1,1,1,1,1,1,1,X
00071.mp4,2,36,A,1,1,1,1,1,1,1,1,1,1,X
00071.mp4,3,57,B,1,1,1,1,1,1,1,1,1,1,X
00071.mp4,4,79,A,1,1,1,1,1,1,1,1,1,1,X
00071.mp4,5,104,B,1,1,1,1,1,1,1,1,1,1,X
00071.mp4,6,130,A,1,1,1,1,1,1,1,1,1,1,X
00071.mp4,7,144,B,1,1,1,1,1,1,1,1,1,1,X
00071.mp4,8,183,A,1,1,1,1,1,1,1,1,1,1,X
00071.mp4,9,213,B,1,1,1,1,1,1,1,1,1,1,X
00071.mp4,10,263,A,1,1,1,1,1,1,1,1,1,1,X
00071.mp4,11,272,B,1,1,1,1,1,1,1,1,1,1,A
00072.mp4,1,15,A,1,1,1,1,1,1,1,1,1,1,X
00072.mp4,2,72,B,1,1,1,1,1,1,1,1,1,1,X
00072.mp4,3,118,A,1,1,1,1,1,1,1,1,1,1,X
00072.mp4,4,137,B,1,1,1,1,1,1,1,1,1,1,X
00072.mp4,5,170,A,1,1,1,1,1,1,1,1,1,1,X
00072.mp4,6,238,B,1,1,1,1,1,1,1,1,1,1,A
00073.mp4,1,15,B,1,1,1,1,1,1,1,1,1,1,X
00073.mp4,2,35,A,1,1,1,1,1,1,1,1,1,1,X
00073.mp4,3,68,B,1,1,1,1,1,1,1,1,1,1,X
00073.mp4,4,81,A,1,1,1,1,1,1,1,1,1,1,X
00073.mp4,5,101,B,1,1,1,1,1,1,1,1,1,1,X
00073.mp4,6,145,A,1,1,1,1,1,1,1,1,1,1,X
00073.mp4,7,165,B,1,1,1,1,1,1,1,1,1,1,X
00073.mp4,8,196,A,1,1,1,1,1,1,1,1,1,1,X
00073.mp4,9,220,B,1,1,1,1,1,1,1,1,1,1,X
00073.mp4,10,266,A,1,1,1,1,1,1,1,1,1,1,X
00073.mp4,11,281,B,1,1,1,1,1,1,1,1,1,1,A
00074.mp4,1,16,A,1,1,1,1,1,1,1,1,1,1,X
00074.mp4,2,32,B,1,1,1,1,1,1,1,1,1,1,X
00074.mp4,3,60,A,1,1,1,1,1,1,1,1,1,1,X
00074.mp4,4,96,B,1,1,1,1,1,1,1,1,1,1,X
00074.mp4,5,113,A,1,1,1,1,1,1,1,1,1,1,X
00074.mp4,6,139,B,1,1,1,1,1,1,1,1,1,1,X
00074.mp4,7,177,A,1,1,1,1,1,1,1,1,1,1,X
00074.mp4,8,193,B,1,1,1,1,1,1,1,1,1,1,X
00074.mp4,9,222,A,1,1,1,1,1,1,1,1,1,1,X
00074.mp4,10,248,B,1,1,1,1,1,1,1,1,1,1,X
00074.mp4,11,312,A,1,1,1,1,1,1,1,1,1,1,X
00074.mp4,12,341,B,1,1,1,1,1,1,1,1,1,1,X
00074.mp4,13,381,A,1,1,1,1,1,1,1,1,1,1,X
00074.mp4,14,401,B,1,1,1,1,1,1,1,1,1,1,X
00074.mp4,15,450,A,1,1,1,1,1,1,1,1,1,1,X
00074.mp4,16,471,B,1,1,1,1,1,1,1,1,1,1,A
00075.mp4,1,18,B,1,1,1,1,1,1,1,1,1,1,X
00075.mp4,2,39,A,1,1,1,1,1,1,1,1,1,1,X
00075.mp4,3,62,B,1,1,1,1,1,1,1,1,1,1,X
00075.mp4,4,103,A,1,1,1,1,1,1,1,1,1,1,X
00075.mp4,5,135,B,1,1,1,1,1,1,1,1,1,1,X
00075.mp4,6,180,A,1,1,1,1,1,1,1,1,1,1,X
00075.mp4,7,217,B,1,1,1,1,1,1,1,1,1,1,X
00075.mp4,8,233,A,1,1,1,1,1,1,1,1,1,1,X
00075.mp4,9,264,B,1,1,1,1,1,1,1,1,1,1,X
00075.mp4,10,286,A,1,1,1,1,1,1,1,1,1,1,X
00075.mp4,11,303,B,1,1,1,1,1,1,1,1,1,1,X
00075.mp4,12,325,A,1,1,1,1,1,1,1,1,1,1,A
00076.mp4,1,13,B,1,1,1,1,1,1,1,1,1,1,X
00076.mp4,2,22,A,1,1,1,1,1,1,1,1,1,1,X
00076.mp4,3,36,B,1,1,1,1,1,1,1,1,1,1,X
00076.mp4,4,74,A,1,1,1,1,1,1,1,1,1,1,X
00076.mp4,5,105,B,1,1,1,1,1,1,1,1,1,1,X
00076.mp4,6,138,A,1,1,1,1,1,1,1,1,1,1,X
00076.mp4,7,175,B,1,1,1,1,1,1,1,1,1,1,X
00076.mp4,8,192,A,1,1,1,1,1,1,1,1,1,1,X
00076.mp4,9,254,B,1,1,1,1,1,1,1,1,1,1,X
00076.mp4,10,271,A,1,1,1,1,1,1,1,1,1,1,X
00076.mp4,11,296,B,1,1,1,1,1,1,1,1,1,1,X
00076.mp4,12,343,A,1,1,1,1,1,1,1,1,1,1,A
00077.mp4,1,12,B,1,1,1,1,1,1,1,1,1,1,X
00077.mp4,2,82,A,1,1,1,1,1,1,1,1,1,1,X
00077.mp4,3,102,B,1,1,1,1,1,1,1,1,1,1,X
00077.mp4,4,132,A,1,1,1,1,1,1,1,1,1,1,X
00077.mp4,5,174,B,1,1,1,1,1,1,1,1,1,1,X
00077.mp4,6,192,A,1,1,1,1,1,1,1,1,1,1,X
00077.mp4,7,226,B,1,1,1,1,1,1,1,1,1,1,X
00077.mp4,8,252,A,1,1,1,1,1,1,1,1,1,1,X
00077.mp4,9,289,B,1,1,1,1,1,1,1,1,1,1,X
00077.mp4,10,320,A,1,1,1,1,1,1,1,1,1,1,X
00077.mp4,11,340,B,1,1,1,1,1,1,1,1,1,1,A
00078.mp4,1,15,A,1,1,1,1,1,1,1,1,1,1,X
00078.mp4,2,44,B,1,1,1,1,1,1,1,1,1,1,X
00078.mp4,3,59,A,1,1,1,1,1,1,1,1,1,1,X
00078.mp4,4,76,B,1,1,1,1,1,1,1,1,1,1,X
00078.mp4,5,95,A,1,1,1,1,1,1,1,1,1,1,X
00078.mp4,6,111,B,1,1,1,1,1,1,1,1,1,1,X
00078.mp4,7,131,A,1,1,1,1,1,1,1,1,1,1,A
00079.mp4,1,43,B,1,1,1,1,1,1,1,1,1,1,X
00079.mp4,2,61,A,1,1,1,1,1,1,1,1,1,1,X
00079.mp4,3,89,B,1,1,1,1,1,1,1,1,1,1,X
00079.mp4,4,125,A,1,1,1,1,1,1,1,1,1,1,X
00079.mp4,5,171,B,1,1,1,1,1,1,1,1,1,1,X
00079.mp4,6,191,A,1,1,1,1,1,1,1,1,1,1,A
00080.mp4,1,7,B,1,1,1,1,1,1,1,1,1,1,X
00080.mp4,2,21,A,1,1,1,1,1,1,1,1,1,1,X
00080.mp4,3,48,B,1,1,1,1,1,1,1,1,1,1,X
00080.mp4,4,94,A,1,1,1,1,1,1,1,1,1,1,X
00080.mp4,5,116,B,1,1,1,1,1,1,1,1,1,1,X
00080.mp4,6,146,A,1,1,1,1,1,1,1,1,1,1,X
00080.mp4,7,170,B,1,1,1,1,1,1,1,1,1,1,X
00080.mp4,8,229,A,1,1,1,1,1,1,1,1,1,1,X
00080.mp4,9,258,B,1,1,1,1,1,1,1,1,1,1,X
00080.mp4,10,282,A,1,1,1,1,1,1,1,1,1,1,A
00081.mp4,1,31,A,1,1,1,1,1,1,1,1,1,1,X
00081.mp4,2,56,B,1,1,1,1,1,1,1,1,1,1,X
00081.mp4,3,86,A,1,1,1,1,1,1,1,1,1,1,X
00081.mp4,4,132,B,1,1,1,1,1,1,1,1,1,1,X
00081.mp4,5,151,A,1,1,1,1,1,1,1,1,1,1,X
00081.mp4,6,179,B,1,1,1,1,1,1,1,1,1,1,X
00081.mp4,7,221,A,1,1,1,1,1,1,1,1,1,1,A
00082.mp4,1,5,A,1,1,1,1,1,1,1,1,1,1,X
00082.mp4,2,23,B,1,1,1,1,1,1,1,1,1,1,X
00082.mp4,3,68,A,1,1,1,1,1,1,1,1,1,1,X
00082.mp4,4,111,B,1,1,1,1,1,1,1,1,1,1,X
00082.mp4,5,143,A,1,1,1,1,1,1,1,1,1,1,X
00082.mp4,6,175,B,1,1,1,1,1,1,1,1,1,1,X
00082.mp4,7,191,A,1,1,1,1,1,1,1,1,1,1,A
00083.mp4,1,7,B,1,1,1,1,1,1,1,1,1,1,X
00083.mp4,2,56,A,1,1,1,1,1,1,1,1,1,1,X
00083.mp4,3,113,B,1,1,1,1,1,1,1,1,1,1,X
00083.mp4,4,160,A,1,1,1,1,1,1,1,1,1,1,X
00083.mp4,5,187,B,1,1,1,1,1,1,1,1,1,1,X
00083.mp4,6,229,A,1,1,1,1,1,1,1,1,1,1,X
00083.mp4,7,275,B,1,1,1,1,1,1,1,1,1,1,X
00083.mp4,8,296,A,1,1,1,1,1,1,1,1,1,1,A
00084.mp4,1,40,A,1,1,1,1,1,1,1,1,1,1,X
00084.mp4,2,66,B,1,1,1,1,1,1,1,1,1,1,X
00084.mp4,3,97,A,1,1,1,1,1,1,1,1,1,1,A
00085.mp4,1,46,B,1,1,1,1,1,1,1,1,1,1,X
00085.mp4,2,95,A,1,1,1,1,1,1,1,1,1,1,X
00085.mp4,3,133,B,1,1,1,1,1,1,1,1,1,1,X
00085.mp4,4,156,A,1,1,1,1,1,1,1,1,1,1,X
00085.mp4,5,183,B,1,1,1,1,1,1,1,1,1,1,X
00085.mp4,6,209,A,1,1,1,1,1,1,1,1,1,1,X
00085.mp4,7,237,B,1,1,1,1,1,1,1,1,1,1,X
00085.mp4,8,270,A,1,1,1,1,1,1,1,1,1,1,A
00086.mp4,1,17,B,1,1,1,1,1,1,1,1,1,1,X
00086.mp4,2,37,A,1,1,1,1,1,1,1,1,1,1,X
00086.mp4,3,114,B,1,1,1,1,1,1,1,1,1,1,X
00086.mp4,4,145,A,1,1,1,1,1,1,1,1,1,1,X
00086.mp4,5,162,B,1,1,1,1,1,1,1,1,1,1,X
00086.mp4,6,192,A,1,1,1,1,1,1,1,1,1,1,X
00086.mp4,7,217,B,1,1,1,1,1,1,1,1,1,1,X
00086.mp4,8,242,A,1,1,1,1,1,1,1,1,1,1,A
00087.mp4,1,13,B,1,1,1,1,1,1,1,1,1,1,X
00087.mp4,2,80,A,1,1,1,1,1,1,1,1,1,1,X
00087.mp4,3,99,B,1,1,1,1,1,1,1,1,1,1,A
00088.mp4,1,30,B,1,1,1,1,1,1,1,1,1,1,X
00088.mp4,2,70,A,1,1,1,1,1,1,1,1,1,1,X
00088.mp4,3,87,B,1,1,1,1,1,1,1,1,1,1,X
00088.mp4,4,152,A,1,1,1,1,1,1,1,1,1,1,X
00088.mp4,5,199,B,1,1,1,1,1,1,1,1,1,1,X
00088.mp4,6,229,A,1,1,1,1,1,1,1,1,1,1,X
00088.mp4,7,277,B,1,1,1,1,1,1,1,1,1,1,X
00088.mp4,8,313,A,1,1,1,1,1,1,1,1,1,1,A
00089.mp4,1,42,A,1,1,1,1,1,1,1,1,1,1,X
00089.mp4,2,68,B,1,1,1,1,1,1,1,1,1,1,X
00089.mp4,3,119,A,1,1,1,1,1,1,1,1,1,1,A
00090.mp4,1,7,B,1,1,1,1,1,1,1,1,1,1,X
00090.mp4,2,54,A,1,1,1,1,1,1,1,1,1,1,X
00090.mp4,3,93,B,1,1,1,1,1,1,1,1,1,1,X
00090.mp4,4,109,A,1,1,1,1,1,1,1,1,1,1,X
00090.mp4,5,142,B,1,1,1,1,1,1,1,1,1,1,X
00090.mp4,6,169,A,1,1,1,1,1,1,1,1,1,1,X
00090.mp4,7,207,B,1,1,1,1,1,1,1,1,1,1,X
00090.mp4,8,223,A,1,1,1,1,1,1,1,1,1,1,X
00090.mp4,9,247,B,1,1,1,1,1,1,1,1,1,1,X
00090.mp4,10,272,A,1,1,1,1,1,1,1,1,1,1,A
00091.mp4,1,18,B,1,1,1,1,1,1,1,1,1,1,X
00091.mp4,2,40,A,1,1,1,1,1,1,1,1,1,1,X
00091.mp4,3,68,B,1,1,1,1,1,1,1,1,1,1,X
00091.mp4,4,97,A,1,1,1,1,1,1,1,1,1,1,X
00091.mp4,5,123,B,1,1,1,1,1,1,1,1,1,1,X
00091.mp4,6,193,A,1,1,1,1,1,1,1,1,1,1,X
00091.mp4,7,228,B,1,1,1,1,1,1,1,1,1,1,X
00091.mp4,8,253,A,1,1,1,1,1,1,1,1,1,1,X
00091.mp4,9,298,B,1,1,1,1,1,1,1,1,1,1,X
00091.mp4,10,334,A,1,1,1,1,1,1,1,1,1,1,X
00091.mp4,11,366,B,1,1,1,1,1,1,1,1,1,1,X
00091.mp4,12,387,A,1,1,1,1,1,1,1,1,1,1,X
00091.mp4,13,448,B,1,1,1,1,1,1,1,1,1,1,X
00091.mp4,14,492,A,1,1,1,1,1,1,1,1,1,1,X
00091.mp4,15,528,B,1,1,1,1,1,1,1,1,1,1,X
00091.mp4,16,546,A,1,1,1,1,1,1,1,1,1,1,A
00092.mp4,1,35,A,1,1,1,1,1,1,1,1,1,1,X
00092.mp4,2,60,B,1,1,1,1,1,1,1,1,1,1,X
00092.mp4,3,73,A,1,1,1,1,1,1,1,1,1,1,X
00092.mp4,4,84,B,1,1,1,1,1,1,1,1,1,1,X
00092.mp4,5,95,A,1,1,1,1,1,1,1,1,1,1,X
00092.mp4,6,104,B,1,1,1,1,1,1,1,1,1,1,X
00092.mp4,7,119,A,1,1,1,1,1,1,1,1,1,1,X
00092.mp4,8,129,B,1,1,1,1,1,1,1,1,1,1,X
00092.mp4,9,155,A,1,1,1,1,1,1,1,1,1,1,X
00092.mp4,10,164,B,1,1,1,1,1,1,1,1,1,1,X
00092.mp4,11,185,A,1,1,1,1,1,1,1,1,1,1,X
00092.mp4,12,199,B,1,1,1,1,1,1,1,1,1,1,A
00093.mp4,1,5,B,1,1,1,1,1,1,1,1,1,1,X
00093.mp4,2,28,A,1,1,1,1,1,1,1,1,1,1,X
00093.mp4,3,70,B,1,1,1,1,1,1,1,1,1,1,X
00093.mp4,4,102,A,1,1,1,1,1,1,1,1,1,1,X
00093.mp4,5,140,B,1,1,1,1,1,1,1,1,1,1,X
00093.mp4,6,160,A,1,1,1,1,1,1,1,1,1,1,X
00093.mp4,7,173,B,1,1,1,1,1,1,1,1,1,1,X
00093.mp4,8,199,A,1,1,1,1,1,1,1,1,1,1,X
00093.mp4,9,215,B,1,1,1,1,1,1,1,1,1,1,A
00094.mp4,1,7,A,1,1,1,1,1,1,1,1,1,1,X
00094.mp4,2,36,B,1,1,1,1,1,1,1,1,1,1,X
00094.mp4,3,68,A,1,1,1,1,1,1,1,1,1,1,X
00094.mp4,4,110,B,1,1,1,1,1,1,1,1,1,1,X
00094.mp4,5,135,A,1,1,1,1,1,1,1,1,1,1,X
00094.mp4,6,155,B,1,1,1,1,1,1,1,1,1,1,X
00094.mp4,7,184,A,1,1,1,1,1,1,1,1,1,1,X
00094.mp4,8,208,B,1,1,1,1,1,1,1,1,1,1,X
00094.mp4,9,237,A,1,1,1,1,1,1,1,1,1,1,X
00094.mp4,10,263,B,1,1,1,1,1,1,1,1,1,1,X
00094.mp4,11,291,A,1,1,1,1,1,1,1,1,1,1,X
00094.mp4,12,299,B,1,1,1,1,1,1,1,1,1,1,X
00094.mp4,13,336,A,1,1,1,1,1,1,1,1,1,1,X
00094.mp4,14,346,B,1,1,1,1,1,1,1,1,1,1,X
00094.mp4,15,383,A,1,1,1,1,1,1,1,1,1,1,X
00094.mp4,16,443,B,1,1,1,1,1,1,1,1,1,1,X
00094.mp4,17,479,A,1,1,1,1,1,1,1,1,1,1,A
00095.mp4,1,52,A,1,1,1,1,1,1,1,1,1,1,X
00095.mp4,2,77,B,1,1,1,1,1,1,1,1,1,1,A
00096.mp4,1,15,B,1,1,1,1,1,1,1,1,1,1,X
00096.mp4,2,58,A,1,1,1,1,1,1,1,1,1,1,X
00096.mp4,3,102,B,1,1,1,1,1,1,1,1,1,1,X
00096.mp4,4,120,A,1,1,1,1,1,1,1,1,1,1,X
00096.mp4,5,142,B,1,1,1,1,1,1,1,1,1,1,X
00096.mp4,6,181,A,1,1,1,1,1,1,1,1,1,1,X
00096.mp4,7,230,B,1,1,1,1,1,1,1,1,1,1,A
00097.mp4,1,34,B,1,1,1,1,1,1,1,1,1,1,X
00097.mp4,2,111,A,1,1,1,1,1,1,1,1,1,1,X
00097.mp4,3,136,B,1,1,1,1,1,1,1,1,1,1,X
00097.mp4,4,167,A,1,1,1,1,1,1,1,1,1,1,A
00098.mp4,1,32,B,1,1,1,1,1,1,1,1,1,1,X
00098.mp4,2,72,A,1,1,1,1,1,1,1,1,1,1,X
00098.mp4,3,100,B,1,1,1,1,1,1,1,1,1,1,X
00098.mp4,4,133,A,1,1,1,1,1,1,1,1,1,1,X
00098.mp4,5,175,B,1,1,1,1,1,1,1,1,1,1,X
00098.mp4,6,202,A,1,1,1,1,1,1,1,1,1,1,A
00099.mp4,1,22,B,1,1,1,1,1,1,1,1,1,1,X
00099.mp4,2,43,A,1,1,1,1,1,1,1,1,1,1,X
00099.mp4,3,67,B,1,1,1,1,1,1,1,1,1,1,X
00099.mp4,4,115,A,1,1,1,1,1,1,1,1,1,1,X
00099.mp4,5,161,B,1,1,1,1,1,1,1,1,1,1,X
00099.mp4,6,183,A,1,1,1,1,1,1,1,1,1,1,X
00099.mp4,7,208,B,1,1,1,1,1,1,1,1,1,1,X
00099.mp4,8,237,A,1,1,1,1,1,1,1,1,1,1,X
00099.mp4,9,260,B,1,1,1,1,1,1,1,1,1,1,A
00100.mp4,1,25,A,1,1,1,1,1,1,1,1,1,1,X
00100.mp4,2,49,B,1,1,1,1,1,1,1,1,1,1,X
00100.mp4,3,92,A,1,1,1,1,1,1,1,1,1,1,X
00100.mp4,4,107,B,1,1,1,1,1,1,1,1,1,1,X
00100.mp4,5,137,A,1,1,1,1,1,1,1,1,1,1,X
00100.mp4,6,186,B,1,1,1,1,1,1,1,1,1,1,X
00100.mp4,7,229,A,1,1,1,1,1,1,1,1,1,1,X
00100.mp4,8,261,B,1,1,1,1,1,1,1,1,1,1,X
00100.mp4,9,306,A,1,1,1,1,1,1,1,1,1,1,X
00100.mp4,10,330,B,1,1,1,1,1,1,1,1,1,1,X
00100.mp4,11,363,A,1,1,1,1,1,1,1,1,1,1,X
00100.mp4,12,380,B,1,1,1,1,1,1,1,1,1,1,X
00100.mp4,13,392,A,1,1,1,1,1,1,1,1,1,1,A
00101.mp4,1,6,B,1,1,1,1,1,1,1,1,1,1,X
00101.mp4,2,44,A,1,1,1,1,1,1,1,1,1,1,X
00101.mp4,3,94,B,1,1,1,1,1,1,1,1,1,1,X
00101.mp4,4,102,A,1,1,1,1,1,1,1,1,1,1,A
00102.mp4,1,65,A,1,1,1,1,1,1,1,1,1,1,X
00102.mp4,2,100,B,1,1,1,1,1,1,1,1,1,1,X
00102.mp4,3,117,A,1,1,1,1,1,1,1,1,1,1,X
00102.mp4,4,146,B,1,1,1,1,1,1,1,1,1,1,X
00102.mp4,5,181,A,1,1,1,1,1,1,1,1,1,1,X
00102.mp4,6,217,B,1,1,1,1,1,1,1,1,1,1,X
00102.mp4,7,253,A,1,1,1,1,1,1,1,1,1,1,X
00102.mp4,8,282,B,1,1,1,1,1,1,1,1,1,1,X
00102.mp4,9,319,A,1,1,1,1,1,1,1,1,1,1,X
00102.mp4,10,339,B,1,1,1,1,1,1,1,1,1,1,X
00102.mp4,11,371,A,1,1,1,1,1,1,1,1,1,1,X
00102.mp4,12,446,B,1,1,1,1,1,1,1,1,1,1,X
00102.mp4,13,506,A,1,1,1,1,1,1,1,1,1,1,X
00102.mp4,14,544,B,1,1,1,1,1,1,1,1,1,1,X
00102.mp4,15,566,A,1,1,1,1,1,1,1,1,1,1,A
00103.mp4,1,56,A,1,1,1,1,1,1,1,1,1,1,X
00103.mp4,2,95,B,1,1,1,1,1,1,1,1,1,1,X
00103.mp4,3,126,A,1,1,1,1,1,1,1,1,1,1,X
00103.mp4,4,163,B,1,1,1,1,1,1,1,1,1,1,A
00104.mp4,1,2,A,1,1,1,1,1,1,1,1,1,1,X
00104.mp4,2,41,B,1,1,1,1,1,1,1,1,1,1,X
00104.mp4,3,79,A,1,1,1,1,1,1,1,1,1,1,X
00104.mp4,4,107,B,1,1,1,1,1,1,1,1,1,1,A
00105.mp4,1,26,A,1,1,1,1,1,1,1,1,1,1,X
00105.mp4,2,73,B,1,1,1,1,1,1,1,1,1,1,X
00105.mp4,3,110,A,1,1,1,1,1,1,1,1,1,1,X
00105.mp4,4,121,B,1,1,1,1,1,1,1,1,1,1,X
00105.mp4,5,134,A,1,1,1,1,1,1,1,1,1,1,X
00105.mp4,6,153,B,1,1,1,1,1,1,1,1,1,1,A
00106.mp4,1,9,A,1,1,1,1,1,1,1,1,1,1,X
00106.mp4,2,89,B,1,1,1,1,1,1,1,1,1,1,X
00106.mp4,3,148,A,1,1,1,1,1,1,1,1,1,1,X
00106.mp4,4,176,B,1,1,1,1,1,1,1,1,1,1,A
00107.mp4,1,13,B,1,1,1,1,1,1,1,1,1,1,X
00107.mp4,2,74,A,1,1,1,1,1,1,1,1,1,1,X
00107.mp4,3,91,B,1,1,1,1,1,1,1,1,1,1,X
00107.mp4,4,122,A,1,1,1,1,1,1,1,1,1,1,X
00107.mp4,5,169,B,1,1,1,1,1,1,1,1,1,1,X
00107.mp4,6,206,A,1,1,1,1,1,1,1,1,1,1,X
00107.mp4,7,251,B,1,1,1,1,1,1,1,1,1,1,X
00107.mp4,8,299,A,1,1,1,1,1,1,1,1,1,1,X
00107.mp4,9,334,B,1,1,1,1,1,1,1,1,1,1,X
00107.mp4,10,366,A,1,1,1,1,1,1,1,1,1,1,X
00107.mp4,11,392,B,1,1,1,1,1,1,1,1,1,1,X
00107.mp4,12,428,A,1,1,1,1,1,1,1,1,1,1,X
00107.mp4,13,468,B,1,1,1,1,1,1,1,1,1,1,A
00108.mp4,1,39,A,1,1,1,1,1,1,1,1,1,1,X
00108.mp4,2,89,B,1,1,1,1,1,1,1,1,1,1,X
00108.mp4,3,130,A,1,1,1,1,1,1,1,1,1,1,X
00108.mp4,4,160,B,1,1,1,1,1,1,1,1,1,1,X
00108.mp4,5,190,A,1,1,1,1,1,1,1,1,1,1,A
00109.mp4,1,45,B,1,1,1,1,1,1,1,1,1,1,A
00110.mp4,1,26,A,1,1,1,1,1,1,1,1,1,1,X
00110.mp4,2,89,B,1,1,1,1,1,1,1,1,1,1,X
00110.mp4,3,134,A,1,1,1,1,1,1,1,1,1,1,A
00111.mp4,1,16,B,1,1,1,1,1,1,1,1,1,1,X
00111.mp4,2,61,A,1,1,1,1,1,1,1,1,1,1,X
00111.mp4,3,111,B,1,1,1,1,1,1,1,1,1,1,X
00111.mp4,4,138,A,1,1,1,1,1,1,1,1,1,1,X
00111.mp4,5,162,B,1,1,1,1,1,1,1,1,1,1,X
00111.mp4,6,190,A,1,1,1,1,1,1,1,1,1,1,X
00111.mp4,7,224,B,1,1,1,1,1,1,1,1,1,1,X
00111.mp4,8,248,A,1,1,1,1,1,1,1,1,1,1,X
00111.mp4,9,273,B,1,1,1,1,1,1,1,1,1,1,X
00111.mp4,10,304,A,1,1,1,1,1,1,1,1,1,1,A
00112.mp4,1,6,B,1,1,1,1,1,1,1,1,1,1,X
00112.mp4,2,30,A,1,1,1,1,1,1,1,1,1,1,X
00112.mp4,3,83,B,1,1,1,1,1,1,1,1,1,1,X
00112.mp4,4,125,A,1,1,1,1,1,1,1,1,1,1,A
00113.mp4,1,8,B,1,1,1,1,1,1,1,1,1,1,X
00113.mp4,2,35,A,1,1,1,1,1,1,1,1,1,1,X
00113.mp4,3,80,B,1,1,1,1,1,1,1,1,1,1,X
00113.mp4,4,107,A,1,1,1,1,1,1,1,1,1,1,X
00113.mp4,5,133,B,1,1,1,1,1,1,1,1,1,1,X
00113.mp4,6,158,A,1,1,1,1,1,1,1,1,1,1,X
00113.mp4,7,182,B,1,1,1,1,1,1,1,1,1,1,X
00113.mp4,8,192,A,1,1,1,1,1,1,1,1,1,1,X
00113.mp4,9,200,B,1,1,1,1,1,1,1,1,1,1,A
00114.mp4,1,6,B,1,1,1,1,1,1,1,1,1,1,X
00114.mp4,2,41,A,1,1,1,1,1,1,1,1,1,1,X
00114.mp4,3,61,B,1,1,1,1,1,1,1,1,1,1,X
00114.mp4,4,90,A,1,1,1,1,1,1,1,1,1,1,X
00114.mp4,5,127,B,1,1,1,1,1,1,1,1,1,1,X
00114.mp4,6,135,A,1,1,1,1,1,1,1,1,1,1,X
00114.mp4,7,174,B,1,1,1,1,1,1,1,1,1,1,X
00114.mp4,8,239,A,1,1,1,1,1,1,1,1,1,1,X
00114.mp4,9,278,B,1,1,1,1,1,1,1,1,1,1,X
00114.mp4,10,330,A,1,1,1,1,1,1,1,1,1,1,X
00114.mp4,11,356,B,1,1,1,1,1,1,1,1,1,1,X
00114.mp4,12,380,A,1,1,1,1,1,1,1,1,1,1,X
00114.mp4,13,388,B,1,1,1,1,1,1,1,1,1,1,X
00114.mp4,14,404,A,1,1,1,1,1,1,1,1,1,1,X
00114.mp4,15,467,B,1,1,1,1,1,1,1,1,1,1,X
00114.mp4,16,485,A,1,1,1,1,1,1,1,1,1,1,X
00114.mp4,17,515,B,1,1,1,1,1,1,1,1,1,1,X
00114.mp4,18,579,A,1,1,1,1,1,1,1,1,1,1,X
00114.mp4,19,613,B,1,1,1,1,1,1,1,1,1,1,X
00114.mp4,20,654,A,1,1,1,1,1,1,1,1,1,1,A
00115.mp4,1,2,B,1,1,1,1,1,1,1,1,1,1,X
00115.mp4,2,49,A,1,1,1,1,1,1,1,1,1,1,X
00115.mp4,3,63,B,1,1,1,1,1,1,1,1,1,1,X
00115.mp4,4,101,A,1,1,1,1,1,1,1,1,1,1,X
00115.mp4,5,152,B,1,1,1,1,1,1,1,1,1,1,X
00115.mp4,6,190,A,1,1,1,1,1,1,1,1,1,1,X
00115.mp4,7,201,B,1,1,1,1,1,1,1,1,1,1,A
00116.mp4,1,43,A,1,1,1,1,1,1,1,1,1,1,X
00116.mp4,2,60,B,1,1,1,1,1,1,1,1,1,1,X
00116.mp4,3,86,A,1,1,1,1,1,1,1,1,1,1,X
00116.mp4,4,127,B,1,1,1,1,1,1,1,1,1,1,X
00116.mp4,5,152,A,1,1,1,1,1,1,1,1,1,1,X
00116.mp4,6,181,B,1,1,1,1,1,1,1,1,1,1,X
00116.mp4,7,217,A,1,1,1,1,1,1,1,1,1,1,X
00116.mp4,8,236,B,1,1,1,1,1,1,1,1,1,1,X
00116.mp4,9,257,A,1,1,1,1,1,1,1,1,1,1,X
00116.mp4,10,275,B,1,1,1,1,1,1,1,1,1,1,X
00116.mp4,11,293,A,1,1,1,1,1,1,1,1,1,1,A
00117.mp4,1,27,B,1,1,1,1,1,1,1,1,1,1,X
00117.mp4,2,53,A,1,1,1,1,1,1,1,1,1,1,X
00117.mp4,3,104,B,1,1,1,1,1,1,1,1,1,1,X
00117.mp4,4,136,A,1,1,1,1,1,1,1,1,1,1,X
00117.mp4,5,192,B,1,1,1,1,1,1,1,1,1,1,X
00117.mp4,6,233,A,1,1,1,1,1,1,1,1,1,1,X
00117.mp4,7,266,B,1,1,1,1,1,1,1,1,1,1,X
00117.mp4,8,300,A,1,1,1,1,1,1,1,1,1,1,X
00117.mp4,9,318,B,1,1,1,1,1,1,1,1,1,1,X
00117.mp4,10,345,A,1,1,1,1,1,1,1,1,1,1,X
00117.mp4,11,391,B,1,1,1,1,1,1,1,1,1,1,X
00117.mp4,12,408,A,1,1,1,1,1,1,1,1,1,1,X
00117.mp4,13,458,B,1,1,1,1,1,1,1,1,1,1,X
00117.mp4,14,486,A,1,1,1,1,1,1,1,1,1,1,X
00117.mp4,15,520,B,1,1,1,1,1,1,1,1,1,1,X
00117.mp4,16,572,A,1,1,1,1,1,1,1,1,1,1,X
00117.mp4,17,610,B,1,1,1,1,1,1,1,1,1,1,X
00117.mp4,18,626,A,1,1,1,1,1,1,1,1,1,1,X
00117.mp4,19,656,B,1,1,1,1,1,1,1,1,1,1,X
00117.mp4,20,713,A,1,1,1,1,1,1,1,1,1,1,A
00118.mp4,1,21,B,1,1,1,1,1,1,1,1,1,1,X
00118.mp4,2,38,A,1,1,1,1,1,1,1,1,1,1,X
00118.mp4,3,73,B,1,1,1,1,1,1,1,1,1,1,X
00118.mp4,4,139,A,1,1,1,1,1,1,1,1,1,1,X
00118.mp4,5,165,B,1,1,1,1,1,1,1,1,1,1,X
00118.mp4,6,199,A,1,1,1,1,1,1,1,1,1,1,X
00118.mp4,7,251,B,1,1,1,1,1,1,1,1,1,1,X
00118.mp4,8,285,A,1,1,1,1,1,1,1,1,1,1,A
00119.mp4,1,10,A,1,1,1,1,1,1,1,1,1,1,X
00119.mp4,2,28,B,1,1,1,1,1,1,1,1,1,1,X
00119.mp4,3,52,A,1,1,1,1,1,1,1,1,1,1,X
00119.mp4,4,79,B,1,1,1,1,1,1,1,1,1,1,X
00119.mp4,5,115,A,1,1,1,1,1,1,1,1,1,1,X
00119.mp4,6,143,B,1,1,1,1,1,1,1,1,1,1,X
00119.mp4,7,178,A,1,1,1,1,1,1,1,1,1,1,X
00119.mp4,8,200,B,1,1,1,1,1,1,1,1,1,1,X
00119.mp4,9,228,A,1,1,1,1,1,1,1,1,1,1,X
00119.mp4,10,263,B,1,1,1,1,1,1,1,1,1,1,X
00119.mp4,11,302,A,1,1,1,1,1,1,1,1,1,1,X
00119.mp4,12,320,B,1,1,1,1,1,1,1,1,1,1,X
00119.mp4,13,351,A,1,1,1,1,1,1,1,1,1,1,X
00119.mp4,14,379,B,1,1,1,1,1,1,1,1,1,1,X
00119.mp4,15,404,A,1,1,1,1,1,1,1,1,1,1,X
00119.mp4,16,419,B,1,1,1,1,1,1,1,1,1,1,X
00119.mp4,17,460,A,1,1,1,1,1,1,1,1,1,1,X
00119.mp4,18,510,B,1,1,1,1,1,1,1,1,1,1,A
00120.mp4,1,51,A,1,1,1,1,1,1,1,1,1,1,X
00120.mp4,2,72,B,1,1,1,1,1,1,1,1,1,1,X
00120.mp4,3,99,A,1,1,1,1,1,1,1,1,1,1,X
00120.mp4,4,129,B,1,1,1,1,1,1,1,1,1,1,X
00120.mp4,5,158,A,1,1,1,1,1,1,1,1,1,1,X
00120.mp4,6,191,B,1,1,1,1,1,1,1,1,1,1,A
00121.mp4,1,35,A,1,1,1,1,1,1,1,1,1,1,X
00121.mp4,2,55,B,1,1,1,1,1,1,1,1,1,1,X
00121.mp4,3,83,A,1,1,1,1,1,1,1,1,1,1,A
00122.mp4,1,19,A,1,1,1,1,1,1,1,1,1,1,X
00122.mp4,2,44,B,1,1,1,1,1,1,1,1,1,1,X
00122.mp4,3,58,A,1,1,1,1,1,1,1,1,1,1,X
00122.mp4,4,76,B,1,1,1,1,1,1,1,1,1,1,X
00122.mp4,5,115,A,1,1,1,1,1,1,1,1,1,1,X
00122.mp4,6,155,B,1,1,1,1,1,1,1,1,1,1,X
00122.mp4,7,177,A,1,1,1,1,1,1,1,1,1,1,X
00122.mp4,8,200,B,1,1,1,1,1,1,1,1,1,1,A
00123.mp4,1,7,B,1,1,1,1,1,1,1,1,1,1,X
00123.mp4,2,86,A,1,1,1,1,1,1,1,1,1,1,X
00123.mp4,3,121,B,1,1,1,1,1,1,1,1,1,1,X
00123.mp4,4,133,A,1,1,1,1,1,1,1,1,1,1,X
00123.mp4,5,151,B,1,1,1,1,1,1,1,1,1,1,X
00123.mp4,6,197,A,1,1,1,1,1,1,1,1,1,1,X
00123.mp4,7,225,B,1,1,1,1,1,1,1,1,1,1,X
00123.mp4,8,251,A,1,1,1,1,1,1,1,1,1,1,X
00123.mp4,9,287,B,1,1,1,1,1,1,1,1,1,1,X
00123.mp4,10,317,A,1,1,1,1,1,1,1,1,1,1,X
00123.mp4,11,355,B,1,1,1,1,1,1,1,1,1,1,A
00124.mp4,1,45,A,1,1,1,1,1,1,1,1,1,1,X
00124.mp4,2,67,B,1,1,1,1,1,1,1,1,1,1,X
00124.mp4,3,95,A,1,1,1,1,1,1,1,1,1,1,A
00125.mp4,1,39,A,1,1,1,1,1,1,1,1,1,1,X
00125.mp4,2,127,B,1,1,1,1,1,1,1,1,1,1,X
00125.mp4,3,188,A,1,1,1,1,1,1,1,1,1,1,A
00126.mp4,1,33,A,1,1,1,1,1,1,1,1,1,1,X
00126.mp4,2,50,B,1,1,1,1,1,1,1,1,1,1,X
00126.mp4,3,104,A,1,1,1,1,1,1,1,1,1,1,X
00126.mp4,4,138,B,1,1,1,1,1,1,1,1,1,1,A
00127.mp4,1,5,B,1,1,1,1,1,1,1,1,1,1,X
00127.mp4,2,31,A,1,1,1,1,1,1,1,1,1,1,X
00127.mp4,3,94,B,1,1,1,1,1,1,1,1,1,1,X
00127.mp4,4,120,A,1,1,1,1,1,1,1,1,1,1,A
00128.mp4,1,2,B,1,1,1,1,1,1,1,1,1,1,X
00128.mp4,2,39,A,1,1,1,1,1,1,1,1,1,1,X
00128.mp4,3,81,B,1,1,1,1,1,1,1,1,1,1,X
00128.mp4,4,106,A,1,1,1,1,1,1,1,1,1,1,X
00128.mp4,5,151,B,1,1,1,1,1,1,1,1,1,1,X
00128.mp4,6,192,A,1,1,1,1,1,1,1,1,1,1,X
00128.mp4,7,216,B,1,1,1,1,1,1,1,1,1,1,X
00128.mp4,8,263,A,1,1,1,1,1,1,1,1,1,1,X
00128.mp4,9,304,B,1,1,1,1,1,1,1,1,1,1,X
00128.mp4,10,330,A,1,1,1,1,1,1,1,1,1,1,X
00128.mp4,11,371,B,1,1,1,1,1,1,1,1,1,1,X
00128.mp4,12,394,A,1,1,1,1,1,1,1,1,1,1,X
00128.mp4,13,417,B,1,1,1,1,1,1,1,1,1,1,X
00128.mp4,14,476,A,1,1,1,1,1,1,1,1,1,1,X
00128.mp4,15,507,B,1,1,1,1,1,1,1,1,1,1,X
00128.mp4,16,533,A,1,1,1,1,1,1,1,1,1,1,X
00128.mp4,17,561,B,1,1,1,1,1,1,1,1,1,1,X
00128.mp4,18,580,A,1,1,1,1,1,1,1,1,1,1,A
00129.mp4,1,9,B,1,1,1,1,1,1,1,1,1,1,X
00129.mp4,2,39,A,1,1,1,1,1,1,1,1,1,1,X
00129.mp4,3,49,B,1,1,1,1,1,1,1,1,1,1,X
00129.mp4,4,74,A,1,1,1,1,1,1,1,1,1,1,X
00129.mp4,5,126,B,1,1,1,1,1,1,1,1,1,1,A
00130.mp4,1,14,A,1,1,1,1,1,1,1,1,1,1,X
00130.mp4,2,85,B,1,1,1,1,1,1,1,1,1,1,X
00130.mp4,3,121,A,1,1,1,1,1,1,1,1,1,1,X
00130.mp4,4,139,B,1,1,1,1,1,1,1,1,1,1,X
00130.mp4,5,190,A,1,1,1,1,1,1,1,1,1,1,X
00130.mp4,6,227,B,1,1,1,1,1,1,1,1,1,1,X
00130.mp4,7,263,A,1,1,1,1,1,1,1,1,1,1,X
00130.mp4,8,296,B,1,1,1,1,1,1,1,1,1,1,X
00130.mp4,9,307,A,1,1,1,1,1,1,1,1,1,1,X
00130.mp4,10,324,B,1,1,1,1,1,1,1,1,1,1,X
00130.mp4,11,351,A,1,1,1,1,1,1,1,1,1,1,X
00130.mp4,12,389,B,1,1,1,1,1,1,1,1,1,1,X
00130.mp4,13,417,A,1,1,1,1,1,1,1,1,1,1,X
00130.mp4,14,443,B,1,1,1,1,1,1,1,1,1,1,X
00130.mp4,15,477,A,1,1,1,1,1,1,1,1,1,1,X
00130.mp4,16,503,B,1,1,1,1,1,1,1,1,1,1,A
00131.mp4,1,38,A,1,1,1,1,1,1,1,1,1,1,X
00131.mp4,2,94,B,1,1,1,1,1,1,1,1,1,1,A
00132.mp4,1,90,A,1,1,1,1,1,1,1,1,1,1,X
00132.mp4,2,122,B,1,1,1,1,1,1,1,1,1,1,X
00132.mp4,3,156,A,1,1,1,1,1,1,1,1,1,1,A
00133.mp4,1,1,B,1,1,1,1,1,1,1,1,1,1,X
00133.mp4,2,16,A,1,1,1,1,1,1,1,1,1,1,X
00133.mp4,3,45,B,1,1,1,1,1,1,1,1,1,1,X
00133.mp4,4,72,A,1,1,1,1,1,1,1,1,1,1,X
00133.mp4,5,92,B,1,1,1,1,1,1,1,1,1,1,X
00133.mp4,6,105,A,1,1,1,1,1,1,1,1,1,1,X
00133.mp4,7,125,B,1,1,1,1,1,1,1,1,1,1,X
00133.mp4,8,155,A,1,1,1,1,1,1,1,1,1,1,X
00133.mp4,9,206,B,1,1,1,1,1,1,1,1,1,1,X
00133.mp4,10,242,A,1,1,1,1,1,1,1,1,1,1,X
00133.mp4,11,288,B,1,1,1,1,1,1,1,1,1,1,X
00133.mp4,12,313,A,1,1,1,1,1,1,1,1,1,1,X
00133.mp4,13,342,B,1,1,1,1,1,1,1,1,1,1,X
00133.mp4,14,368,A,1,1,1,1,1,1,1,1,1,1,A
00134.mp4,1,47,B,1,1,1,1,1,1,1,1,1,1,X
00134.mp4,2,65,A,1,1,1,1,1,1,1,1,1,1,X
00134.mp4,3,113,B,1,1,1,1,1,1,1,1,1,1,X
00134.mp4,4,143,A,1,1,1,1,1,1,1,1,1,1,X
00134.mp4,5,199,B,1,1,1,1,1,1,1,1,1,1,X
00134.mp4,6,226,A,1,1,1,1,1,1,1,1,1,1,X
00134.mp4,7,254,B,1,1,1,1,1,1,1,1,1,1,X
00134.mp4,8,282,A,1,1,1,1,1,1,1,1,1,1,X
00134.mp4,9,309,B,1,1,1,1,1,1,1,1,1,1,X
00134.mp4,10,353,A,1,1,1,1,1,1,1,1,1,1,X
00134.mp4,11,368,B,1,1,1,1,1,1,1,1,1,1,X
00134.mp4,12,399,A,1,1,1,1,1,1,1,1,1,1,X
00134.mp4,13,416,B,1,1,1,1,1,1,1,1,1,1,X
00134.mp4,14,449,A,1,1,1,1,1,1,1,1,1,1,X
00134.mp4,15,501,B,1,1,1,1,1,1,1,1,1,1,X
00134.mp4,16,536,A,1,1,1,1,1,1,1,1,1,1,X
00134.mp4,17,569,B,1,1,1,1,1,1,1,1,1,1,X
00134.mp4,18,588,A,1,1,1,1,1,1,1,1,1,1,X
00134.mp4,19,617,B,1,1,1,1,1,1,1,1,1,1,A
00135.mp4,1,6,B,1,1,1,1,1,1,1,1,1,1,X
00135.mp4,2,50,A,1,1,1,1,1,1,1,1,1,1,X
00135.mp4,3,64,B,1,1,1,1,1,1,1,1,1,1,X
00135.mp4,4,109,A,1,1,1,1,1,1,1,1,1,1,X
00135.mp4,5,134,B,1,1,1,1,1,1,1,1,1,1,X
00135.mp4,6,160,A,1,1,1,1,1,1,1,1,1,1,X
00135.mp4,7,197,B,1,1,1,1,1,1,1,1,1,1,X
00135.mp4,8,217,A,1,1,1,1,1,1,1,1,1,1,X
00135.mp4,9,239,B,1,1,1,1,1,1,1,1,1,1,X
00135.mp4,10,249,A,1,1,1,1,1,1,1,1,1,1,A
00136.mp4,1,33,A,1,1,1,1,1,1,1,1,1,1,X
00136.mp4,2,41,B,1,1,1,1,1,1,1,1,1,1,X
00136.mp4,3,58,A,1,1,1,1,1,1,1,1,1,1,X
00136.mp4,4,94,B,1,1,1,1,1,1,1,1,1,1,X
00136.mp4,5,133,A,1,1,1,1,1,1,1,1,1,1,X
00136.mp4,6,155,B,1,1,1,1,1,1,1,1,1,1,X
00136.mp4,7,177,A,1,1,1,1,1,1,1,1,1,1,X
00136.mp4,8,225,B,1,1,1,1,1,1,1,1,1,1,X
00136.mp4,9,251,A,1,1,1,1,1,1,1,1,1,1,X
00136.mp4,10,281,B,1,1,1,1,1,1,1,1,1,1,X
00136.mp4,11,324,A,1,1,1,1,1,1,1,1,1,1,X
00136.mp4,12,341,B,1,1,1,1,1,1,1,1,1,1,A
00137.mp4,1,13,A,1,1,1,1,1,1,1,1,1,1,X
00137.mp4,2,54,B,1,1,1,1,1,1,1,1,1,1,A
00138.mp4,1,8,B,1,1,1,1,1,1,1,1,1,1,X
00138.mp4,2,25,A,1,1,1,1,1,1,1,1,1,1,X
00138.mp4,3,50,B,1,1,1,1,1,1,1,1,1,1,X
00138.mp4,4,118,A,1,1,1,1,1,1,1,1,1,1,X
00138.mp4,5,134,B,1,1,1,1,1,1,1,1,1,1,X
00138.mp4,6,163,A,1,1,1,1,1,1,1,1,1,1,A
00139.mp4,1,23,B,1,1,1,1,1,1,1,1,1,1,X
00139.mp4,2,41,A,1,1,1,1,1,1,1,1,1,1,X
00139.mp4,3,77,B,1,1,1,1,1,1,1,1,1,1,X
00139.mp4,4,105,A,1,1,1,1,1,1,1,1,1,1,X
00139.mp4,5,143,B,1,1,1,1,1,1,1,1,1,1,X
00139.mp4,6,181,A,1,1,1,1,1,1,1,1,1,1,X
00139.mp4,7,227,B,1,1,1,1,1,1,1,1,1,1,X
00139.mp4,8,254,A,1,1,1,1,1,1,1,1,1,1,X
00139.mp4,9,275,B,1,1,1,1,1,1,1,1,1,1,X
00139.mp4,10,291,A,1,1,1,1,1,1,1,1,1,1,A
00140.mp4,1,12,A,1,1,1,1,1,1,1,1,1,1,X
00140.mp4,2,56,B,1,1,1,1,1,1,1,1,1,1,X
00140.mp4,3,115,A,1,1,1,1,1,1,1,1,1,1,A
00141.mp4,1,15,A,1,1,1,1,1,1,1,1,1,1,X
00141.mp4,2,46,B,1,1,1,1,1,1,1,1,1,1,X
00141.mp4,3,93,A,1,1,1,1,1,1,1,1,1,1,X
00141.mp4,4,121,B,1,1,1,1,1,1,1,1,1,1,A
00142.mp4,1,1,B,1,1,1,1,1,1,1,1,1,1,X
00142.mp4,2,40,A,1,1,1,1,1,1,1,1,1,1,X
00142.mp4,3,84,B,1,1,1,1,1,1,1,1,1,1,A
00143.mp4,1,18,A,1,1,1,1,1,1,1,1,1,1,X
00143.mp4,2,42,B,1,1,1,1,1,1,1,1,1,1,X
00143.mp4,3,62,A,1,1,1,1,1,1,1,1,1,1,X
00143.mp4,4,80,B,1,1,1,1,1,1,1,1,1,1,X
00143.mp4,5,101,A,1,1,1,1,1,1,1,1,1,1,X
00143.mp4,6,133,B,1,1,1,1,1,1,1,1,1,1,X
00143.mp4,7,168,A,1,1,1,1,1,1,1,1,1,1,X
00143.mp4,8,180,B,1,1,1,1,1,1,1,1,1,1,X
00143.mp4,9,212,A,1,1,1,1,1,1,1,1,1,1,X
00143.mp4,10,236,B,1,1,1,1,1,1,1,1,1,1,X
00143.mp4,11,263,A,1,1,1,1,1,1,1,1,1,1,X
00143.mp4,12,312,B,1,1,1,1,1,1,1,1,1,1,A
00144.mp4,1,20,B,1,1,1,1,1,1,1,1,1,1,X
00144.mp4,2,96,A,1,1,1,1,1,1,1,1,1,1,X
00144.mp4,3,121,B,1,1,1,1,1,1,1,1,1,1,X
00144.mp4,4,172,A,1,1,1,1,1,1,1,1,1,1,X
00144.mp4,5,206,B,1,1,1,1,1,1,1,1,1,1,X
00144.mp4,6,255,A,1,1,1,1,1,1,1,1,1,1,X
00144.mp4,7,301,B,1,1,1,1,1,1,1,1,1,1,X
00144.mp4,8,352,A,1,1,1,1,1,1,1,1,1,1,X
00144.mp4,9,395,B,1,1,1,1,1,1,1,1,1,1,X
00144.mp4,10,410,A,1,1,1,1,1,1,1,1,1,1,A
00145.mp4,1,8,B,1,1,1,1,1,1,1,1,1,1,X
00145.mp4,2,28,A,1,1,1,1,1,1,1,1,1,1,X
00145.mp4,3,57,B,1,1,1,1,1,1,1,1,1,1,X
00145.mp4,4,97,A,1,1,1,1,1,1,1,1,1,1,X
00145.mp4,5,112,B,1,1,1,1,1,1,1,1,1,1,X
00145.mp4,6,135,A,1,1,1,1,1,1,1,1,1,1,X
00145.mp4,7,161,B,1,1,1,1,1,1,1,1,1,1,X
00145.mp4,8,207,A,1,1,1,1,1,1,1,1,1,1,X
00145.mp4,9,242,B,1,1,1,1,1,1,1,1,1,1,X
00145.mp4,10,262,A,1,1,1,1,1,1,1,1,1,1,A
00146.mp4,1,68,B,1,1,1,1,1,1,1,1,1,1,X
00146.mp4,2,135,A,1,1,1,1,1,1,1,1,1,1,X
00146.mp4,3,165,B,1,1,1,1,1,1,1,1,1,1,X
00146.mp4,4,196,A,1,1,1,1,1,1,1,1,1,1,X
00146.mp4,5,274,B,1,1,1,1,1,1,1,1,1,1,X
00146.mp4,6,302,A,1,1,1,1,1,1,1,1,1,1,X
00146.mp4,7,337,B,1,1,1,1,1,1,1,1,1,1,X
00146.mp4,8,434,A,1,1,1,1,1,1,1,1,1,1,X
00146.mp4,9,479,B,1,1,1,1,1,1,1,1,1,1,A
00147.mp4,1,49,A,1,1,1,1,1,1,1,1,1,1,X
00147.mp4,2,68,B,1,1,1,1,1,1,1,1,1,1,X
00147.mp4,3,119,A,1,1,1,1,1,1,1,1,1,1,X
00147.mp4,4,158,B,1,1,1,1,1,1,1,1,1,1,X
00147.mp4,5,190,A,1,1,1,1,1,1,1,1,1,1,X
00147.mp4,6,216,B,1,1,1,1,1,1,1,1,1,1,X
00147.mp4,7,245,A,1,1,1,1,1,1,1,1,1,1,X
00147.mp4,8,258,B,1,1,1,1,1,1,1,1,1,1,X
00147.mp4,9,280,A,1,1,1,1,1,1,1,1,1,1,X
00147.mp4,10,297,B,1,1,1,1,1,1,1,1,1,1,X
00147.mp4,11,343,A,1,1,1,1,1,1,1,1,1,1,X
00147.mp4,12,377,B,1,1,1,1,1,1,1,1,1,1,X
00147.mp4,13,398,A,1,1,1,1,1,1,1,1,1,1,X
00147.mp4,14,407,B,1,1,1,1,1,1,1,1,1,1,X
00147.mp4,15,439,A,1,1,1,1,1,1,1,1,1,1,X
00147.mp4,16,455,B,1,1,1,1,1,1,1,1,1,1,X
00147.mp4,17,482,A,1,1,1,1,1,1,1,1,1,1,X
00147.mp4,18,554,B,1,1,1,1,1,1,1,1,1,1,X
00147.mp4,19,584,A,1,1,1,1,1,1,1,1,1,1,X
00147.mp4,20,625,B,1,1,1,1,1,1,1,1,1,1,X
00147.mp4,21,663,A,1,1,1,1,1,1,1,1,1,1,X
00147.mp4,22,697,B,1,1,1,1,1,1,1,1,1,1,X
00147.mp4,23,722,A,1,1,1,1,1,1,1,1,1,1,X
00147.mp4,24,752,B,1,1,1,1,1,1,1,1,1,1,X
00147.mp4,25,793,A,1,1,1,1,1,1,1,1,1,1,X
00147.mp4,26,815,B,1,1,1,1,1,1,1,1,1,1,X
00147.mp4,27,845,A,1,1,1,1,1,1,1,1,1,1,X
00147.mp4,28,870,B,1,1,1,1,1,1,1,1,1,1,X
00147.mp4,29,899,A,1,1,1,1,1,1,1,1,1,1,X
00147.mp4,30,940,B,1,1,1,1,1,1,1,1,1,1,X
00147.mp4,31,955,A,1,1,1,1,1,1,1,1,1,1,X
00147.mp4,32,985,B,1,1,1,1,1,1,1,1,1,1,X
00147.mp4,33,1030,A,1,1,1,1,1,1,1,1,1,1,X
00147.mp4,34,1049,B,1,1,1,1,1,1,1,1,1,1,X
00147.mp4,35,1081,A,1,1,1,1,1,1,1,1,1,1,X
00147.mp4,36,1107,B,1,1,1,1,1,1,1,1,1,1,X
00147.mp4,37,1194,A,1,1,1,1,1,1,1,1,1,1,X
00147.mp4,38,1227,B,1,1,1,1,1,1,1,1,1,1,X
00147.mp4,39,1255,A,1,1,1,1,1,1,1,1,1,1,X
00147.mp4,40,1294,B,1,1,1,1,1,1,1,1,1,1,X
00147.mp4,41,1361,A,1,1,1,1,1,1,1,1,1,1,A
00148.mp4,1,42,B,1,1,1,1,1,1,1,1,1,1,X
00148.mp4,2,98,A,1,1,1,1,1,1,1,1,1,1,X
00148.mp4,3,138,B,1,1,1,1,1,1,1,1,1,1,X
00148.mp4,4,157,A,1,1,1,1,1,1,1,1,1,1,X
00148.mp4,5,189,B,1,1,1,1,1,1,1,1,1,1,X
00148.mp4,6,221,A,1,1,1,1,1,1,1,1,1,1,X
00148.mp4,7,234,B,1,1,1,1,1,1,1,1,1,1,X
00148.mp4,8,252,A,1,1,1,1,1,1,1,1,1,1,X
00148.mp4,9,262,B,1,1,1,1,1,1,1,1,1,1,X
00148.mp4,10,275,A,1,1,1,1,1,1,1,1,1,1,X
00148.mp4,11,294,B,1,1,1,1,1,1,1,1,1,1,X
00148.mp4,12,330,A,1,1,1,1,1,1,1,1,1,1,X
00148.mp4,13,341,B,1,1,1,1,1,1,1,1,1,1,X
00148.mp4,14,361,A,1,1,1,1,1,1,1,1,1,1,X
00148.mp4,15,388,B,1,1,1,1,1,1,1,1,1,1,X
00148.mp4,16,424,A,1,1,1,1,1,1,1,1,1,1,X
00148.mp4,17,451,B,1,1,1,1,1,1,1,1,1,1,A
00149.mp4,1,20,A,1,1,1,1,1,1,1,1,1,1,X
00149.mp4,2,70,B,1,1,1,1,1,1,1,1,1,1,X
00149.mp4,3,119,A,1,1,1,1,1,1,1,1,1,1,X
00149.mp4,4,138,B,1,1,1,1,1,1,1,1,1,1,X
00149.mp4,5,162,A,1,1,1,1,1,1,1,1,1,1,X
00149.mp4,6,186,B,1,1,1,1,1,1,1,1,1,1,X
00149.mp4,7,220,A,1,1,1,1,1,1,1,1,1,1,X
00149.mp4,8,254,B,1,1,1,1,1,1,1,1,1,1,X
00149.mp4,9,286,A,1,1,1,1,1,1,1,1,1,1,A
00150.mp4,1,21,A,1,1,1,1,1,1,1,1,1,1,A
00151.mp4,1,17,A,1,1,1,1,1,1,1,1,1,1,X
00151.mp4,2,76,B,1,1,1,1,1,1,1,1,1,1,X
00151.mp4,3,92,A,1,1,1,1,1,1,1,1,1,1,X
00151.mp4,4,123,B,1,1,1,1,1,1,1,1,1,1,X
00151.mp4,5,171,A,1,1,1,1,1,1,1,1,1,1,X
00151.mp4,6,189,B,1,1,1,1,1,1,1,1,1,1,X
00151.mp4,7,219,A,1,1,1,1,1,1,1,1,1,1,X
00151.mp4,8,260,B,1,1,1,1,1,1,1,1,1,1,X
00151.mp4,9,286,A,1,1,1,1,1,1,1,1,1,1,X
00151.mp4,10,322,B,1,1,1,1,1,1,1,1,1,1,A
00152.mp4,1,7,A,1,1,1,1,1,1,1,1,1,1,X
00152.mp4,2,44,B,1,1,1,1,1,1,1,1,1,1,X
00152.mp4,3,71,A,1,1,1,1,1,1,1,1,1,1,X
00152.mp4,4,153,B,1,1,1,1,1,1,1,1,1,1,A
00153.mp4,1,28,B,1,1,1,1,1,1,1,1,1,1,X
00153.mp4,2,73,A,1,1,1,1,1,1,1,1,1,1,X
00153.mp4,3,124,B,1,1,1,1,1,1,1,1,1,1,X
00153.mp4,4,155,A,1,1,1,1,1,1,1,1,1,1,X
00153.mp4,5,182,B,1,1,1,1,1,1,1,1,1,1,X
00153.mp4,6,221,A,1,1,1,1,1,1,1,1,1,1,X
00153.mp4,7,291,B,1,1,1,1,1,1,1,1,1,1,X
00153.mp4,8,329,A,1,1,1,1,1,1,1,1,1,1,X
00153.mp4,9,346,B,1,1,1,1,1,1,1,1,1,1,X
00153.mp4,10,411,A,1,1,1,1,1,1,1,1,1,1,X
00153.mp4,11,461,B,1,1,1,1,1,1,1,1,1,1,X
00153.mp4,12,488,A,1,1,1,1,1,1,1,1,1,1,X
00153.mp4,13,525,B,1,1,1,1,1,1,1,1,1,1,X
00153.mp4,14,559,A,1,1,1,1,1,1,1,1,1,1,X
00153.mp4,15,615,B,1,1,1,1,1,1,1,1,1,1,X
00153.mp4,16,644,A,1,1,1,1,1,1,1,1,1,1,X
00153.mp4,17,662,B,1,1,1,1,1,1,1,1,1,1,X
00153.mp4,18,692,A,1,1,1,1,1,1,1,1,1,1,X
00153.mp4,19,728,B,1,1,1,1,1,1,1,1,1,1,A
00154.mp4,1,8,B,1,1,1,1,1,1,1,1,1,1,X
00154.mp4,2,33,A,1,1,1,1,1,1,1,1,1,1,X
00154.mp4,3,48,B,1,1,1,1,1,1,1,1,1,1,X
00154.mp4,4,67,A,1,1,1,1,1,1,1,1,1,1,X
00154.mp4,5,79,B,1,1,1,1,1,1,1,1,1,1,X
00154.mp4,6,91,A,1,1,1,1,1,1,1,1,1,1,X
00154.mp4,7,101,B,1,1,1,1,1,1,1,1,1,1,X
00154.mp4,8,110,A,1,1,1,1,1,1,1,1,1,1,X
00154.mp4,9,131,B,1,1,1,1,1,1,1,1,1,1,X
00154.mp4,10,142,A,1,1,1,1,1,1,1,1,1,1,X
00154.mp4,11,150,B,1,1,1,1,1,1,1,1,1,1,X
00154.mp4,12,158,A,1,1,1,1,1,1,1,1,1,1,X
00154.mp4,13,206,B,1,1,1,1,1,1,1,1,1,1,X
00154.mp4,14,215,A,1,1,1,1,1,1,1,1,1,1,X
00154.mp4,15,224,B,1,1,1,1,1,1,1,1,1,1,X
00154.mp4,16,244,A,1,1,1,1,1,1,1,1,1,1,X
00154.mp4,17,255,B,1,1,1,1,1,1,1,1,1,1,X
00154.mp4,18,280,A,1,1,1,1,1,1,1,1,1,1,X
00154.mp4,19,302,B,1,1,1,1,1,1,1,1,1,1,X
00154.mp4,20,310,A,1,1,1,1,1,1,1,1,1,1,X
00154.mp4,21,343,B,1,1,1,1,1,1,1,1,1,1,X
00154.mp4,22,357,A,1,1,1,1,1,1,1,1,1,1,X
00154.mp4,23,369,B,1,1,1,1,1,1,1,1,1,1,X
00154.mp4,24,396,A,1,1,1,1,1,1,1,1,1,1,A
00155.mp4,1,2,A,1,1,1,1,1,1,1,1,1,1,X
00155.mp4,2,42,B,1,1,1,1,1,1,1,1,1,1,X
00155.mp4,3,73,A,1,1,1,1,1,1,1,1,1,1,X
00155.mp4,4,102,B,1,1,1,1,1,1,1,1,1,1,X
00155.mp4,5,129,A,1,1,1,1,1,1,1,1,1,1,A
00156.mp4,1,11,B,1,1,1,1,1,1,1,1,1,1,X
00156.mp4,2,23,A,1,1,1,1,1,1,1,1,1,1,X
00156.mp4,3,34,B,1,1,1,1,1,1,1,1,1,1,X
00156.mp4,4,59,A,1,1,1,1,1,1,1,1,1,1,X
00156.mp4,5,70,B,1,1,1,1,1,1,1,1,1,1,X
00156.mp4,6,78,A,1,1,1,1,1,1,1,1,1,1,X
00156.mp4,7,101,B,1,1,1,1,1,1,1,1,1,1,X
00156.mp4,8,122,A,1,1,1,1,1,1,1,1,1,1,X
00156.mp4,9,134,B,1,1,1,1,1,1,1,1,1,1,X
00156.mp4,10,143,A,1,1,1,1,1,1,1,1,1,1,X
00156.mp4,11,179,B,1,1,1,1,1,1,1,1,1,1,X
00156.mp4,12,203,A,1,1,1,1,1,1,1,1,1,1,A
00157.mp4,1,18,A,1,1,1,1,1,1,1,1,1,1,X
00157.mp4,2,35,B,1,1,1,1,1,1,1,1,1,1,X
00157.mp4,3,60,A,1,1,1,1,1,1,1,1,1,1,X
00157.mp4,4,98,B,1,1,1,1,1,1,1,1,1,1,X
00157.mp4,5,125,A,1,1,1,1,1,1,1,1,1,1,X
00157.mp4,6,142,B,1,1,1,1,1,1,1,1,1,1,X
00157.mp4,7,174,A,1,1,1,1,1,1,1,1,1,1,X
00157.mp4,8,206,B,1,1,1,1,1,1,1,1,1,1,X
00157.mp4,9,244,A,1,1,1,1,1,1,1,1,1,1,X
00157.mp4,10,269,B,1,1,1,1,1,1,1,1,1,1,X
00157.mp4,11,301,A,1,1,1,1,1,1,1,1,1,1,A
00158.mp4,1,28,B,1,1,1,1,1,1,1,1,1,1,X
00158.mp4,2,53,A,1,1,1,1,1,1,1,1,1,1,X
00158.mp4,3,82,B,1,1,1,1,1,1,1,1,1,1,X
00158.mp4,4,101,A,1,1,1,1,1,1,1,1,1,1,X
00158.mp4,5,129,B,1,1,1,1,1,1,1,1,1,1,X
00158.mp4,6,158,A,1,1,1,1,1,1,1,1,1,1,X
00158.mp4,7,188,B,1,1,1,1,1,1,1,1,1,1,X
00158.mp4,8,222,A,1,1,1,1,1,1,1,1,1,1,X
00158.mp4,9,279,B,1,1,1,1,1,1,1,1,1,1,X
00158.mp4,10,316,A,1,1,1,1,1,1,1,1,1,1,X
00158.mp4,11,352,B,1,1,1,1,1,1,1,1,1,1,A
00159.mp4,1,9,B,1,1,1,1,1,1,1,1,1,1,X
00159.mp4,2,47,A,1,1,1,1,1,1,1,1,1,1,X
00159.mp4,3,95,B,1,1,1,1,1,1,1,1,1,1,X
00159.mp4,4,118,A,1,1,1,1,1,1,1,1,1,1,X
00159.mp4,5,143,B,1,1,1,1,1,1,1,1,1,1,X
00159.mp4,6,167,A,1,1,1,1,1,1,1,1,1,1,A
00160.mp4,1,24,A,1,1,1,1,1,1,1,1,1,1,X
00160.mp4,2,46,B,1,1,1,1,1,1,1,1,1,1,X
00160.mp4,3,79,A,1,1,1,1,1,1,1,1,1,1,A
00161.mp4,1,13,B,1,1,1,1,1,1,1,1,1,1,X
00161.mp4,2,34,A,1,1,1,1,1,1,1,1,1,1,X
00161.mp4,3,63,B,1,1,1,1,1,1,1,1,1,1,X
00161.mp4,4,91,A,1,1,1,1,1,1,1,1,1,1,X
00161.mp4,5,107,B,1,1,1,1,1,1,1,1,1,1,X
00161.mp4,6,134,A,1,1,1,1,1,1,1,1,1,1,X
00161.mp4,7,159,B,1,1,1,1,1,1,1,1,1,1,X
00161.mp4,8,199,A,1,1,1,1,1,1,1,1,1,1,X
00161.mp4,9,221,B,1,1,1,1,1,1,1,1,1,1,X
00161.mp4,10,250,A,1,1,1,1,1,1,1,1,1,1,X
00161.mp4,11,283,B,1,1,1,1,1,1,1,1,1,1,X
00161.mp4,12,295,A,1,1,1,1,1,1,1,1,1,1,X
00161.mp4,13,315,B,1,1,1,1,1,1,1,1,1,1,X
00161.mp4,14,341,A,1,1,1,1,1,1,1,1,1,1,X
00161.mp4,15,366,B,1,1,1,1,1,1,1,1,1,1,A
00162.mp4,1,21,A,1,1,1,1,1,1,1,1,1,1,X
00162.mp4,2,66,B,1,1,1,1,1,1,1,1,1,1,X
00162.mp4,3,89,A,1,1,1,1,1,1,1,1,1,1,X
00162.mp4,4,122,B,1,1,1,1,1,1,1,1,1,1,X
00162.mp4,5,159,A,1,1,1,1,1,1,1,1,1,1,X
00162.mp4,6,189,B,1,1,1,1,1,1,1,1,1,1,X
00162.mp4,7,225,A,1,1,1,1,1,1,1,1,1,1,A
00163.mp4,1,7,B,1,1,1,1,1,1,1,1,1,1,X
00163.mp4,2,63,A,1,1,1,1,1,1,1,1,1,1,A
00164.mp4,1,17,B,1,1,1,1,1,1,1,1,1,1,X
00164.mp4,2,48,A,1,1,1,1,1,1,1,1,1,1,X
00164.mp4,3,92,B,1,1,1,1,1,1,1,1,1,1,X
00164.mp4,4,107,A,1,1,1,1,1,1,1,1,1,1,X
00164.mp4,5,159,B,1,1,1,1,1,1,1,1,1,1,X
00164.mp4,6,199,A,1,1,1,1,1,1,1,1,1,1,X
00164.mp4,7,221,B,1,1,1,1,1,1,1,1,1,1,X
00164.mp4,8,255,A,1,1,1,1,1,1,1,1,1,1,X
00164.mp4,9,282,B,1,1,1,1,1,1,1,1,1,1,X
00164.mp4,10,316,A,1,1,1,1,1,1,1,1,1,1,X
00164.mp4,11,356,B,1,1,1,1,1,1,1,1,1,1,X
00164.mp4,12,371,A,1,1,1,1,1,1,1,1,1,1,X
00164.mp4,13,405,B,1,1,1,1,1,1,1,1,1,1,X
00164.mp4,14,440,A,1,1,1,1,1,1,1,1,1,1,A
00165.mp4,1,36,A,1,1,1,1,1,1,1,1,1,1,X
00165.mp4,2,85,B,1,1,1,1,1,1,1,1,1,1,X
00165.mp4,3,111,A,1,1,1,1,1,1,1,1,1,1,A
00166.mp4,1,4,B,1,1,1,1,1,1,1,1,1,1,X
00166.mp4,2,25,A,1,1,1,1,1,1,1,1,1,1,X
00166.mp4,3,55,B,1,1,1,1,1,1,1,1,1,1,X
00166.mp4,4,83,A,1,1,1,1,1,1,1,1,1,1,X
00166.mp4,5,111,B,1,1,1,1,1,1,1,1,1,1,X
00166.mp4,6,135,A,1,1,1,1,1,1,1,1,1,1,X
00166.mp4,7,158,B,1,1,1,1,1,1,1,1,1,1,X
00166.mp4,8,183,A,1,1,1,1,1,1,1,1,1,1,X
00166.mp4,9,267,B,1,1,1,1,1,1,1,1,1,1,A
00167.mp4,1,10,A,1,1,1,1,1,1,1,1,1,1,X
00167.mp4,2,29,B,1,1,1,1,1,1,1,1,1,1,X
00167.mp4,3,70,A,1,1,1,1,1,1,1,1,1,1,A
00168.mp4,1,32,B,1,1,1,1,1,1,1,1,1,1,X
00168.mp4,2,71,A,1,1,1,1,1,1,1,1,1,1,X
00168.mp4,3,106,B,1,1,1,1,1,1,1,1,1,1,X
00168.mp4,4,116,A,1,1,1,1,1,1,1,1,1,1,X
00168.mp4,5,129,B,1,1,1,1,1,1,1,1,1,1,X
00168.mp4,6,155,A,1,1,1,1,1,1,1,1,1,1,X
00168.mp4,7,165,B,1,1,1,1,1,1,1,1,1,1,X
00168.mp4,8,210,A,1,1,1,1,1,1,1,1,1,1,X
00168.mp4,9,251,B,1,1,1,1,1,1,1,1,1,1,X
00168.mp4,10,271,A,1,1,1,1,1,1,1,1,1,1,A
